a,1,little,5214
abandon,2,of,6056
abandoned,3,pit,6536
abandonment,4,she,7844
abash,5,and,320
abashed,6,although,288
abetted,7,she,7844
abhorred,8,though,8901
abhorrent,9,to,8982
abide,10,by,1166
abidingplace,11,for,3480
able,12,to,8982
ablution,13,on,6089
abnormal,14,case,1271
abode,15,for,3480
abodes,16,of,6056
abominable,17,woman,9843
about,18,the,8815
aboutonly,19,dew,2337
above,20,a,1
abram,21,and,320
abridgementwhat,22,is,4765
abroad,23,always,290
abrupt,24,cessation,1319
abruptly,25,i,4384
abruptlysally,26,never,5904
absence,27,of,6056
absent,28,woman,9843
absently,29,still,8353
absolute,30,power,6698
absolutely,31,determined,2318
absorbed,32,in,4492
absorption,33,in,4492
abstracted,34,her,4163
abstruse,35,lettering,5112
absurd,36,and,320
absurdly,37,painful,6248
abuse,38,was,9600
abyss,39,of,6056
accent,40,presumably,6765
accents,41,and,320
accentuated,42,by,1166
accept,43,the,8815
acceptance,44,of,6056
accepted,45,the,8815
accepting,46,the,8815
access,47,to,8982
accessed,48,displayed,2475
accesses,49,of,6056
accessible,50,by,1166
accessories,51,a,1
accident,52,agreed,210
accidental,53,nail,5827
acclivity,54,posing,6665
accommodating,55,one,6093
accommodation,56,to,8982
accompany,57,you,9974
accompanying,58,her,4163
accordance,59,with,9825
according,60,to,8982
account,61,for,3480
accounted,62,for,3480
accounts,63,so,8104
accusation,64,i,4384
accused,65,me,5465
accustomed,66,to,8982
acerbity,67,full,3626
ache,68,and,320
aches,69,and,320
achieved,70,and,320
aching,71,brain,1020
acknowledged,72,with,9825
acoming,73,up,9383
acquaint,74,himself,4227
acquiescence,75,a,1
acquire,76,londons,5245
acquiring,77,her,4163
acquisitive,78,pugnacious,6908
acres,79,about,18
across,80,the,8815
act,81,at,530
acted,82,as,483
acting,83,with,9825
action,84,and,320
actionable,85,she,7844
active,86,links,5187
actively,87,concerning,1690
activities,88,he,4084
activity,89,he,4084
actor,90,across,80
actors,91,art,476
actress,92,mrs,5782
acts,93,of,6056
actual,94,direct,2389
actually,95,a,1
acute,96,tragedy,9064
acuteness,97,and,320
adam,98,all,247
adams,99,mantelpiece,5394
adapted,100,to,8982
add,101,some,8149
added,102,brusquely,1104
addie,103,oh,6073
adding,104,with,9825
addition,105,for,3480
additional,106,terms,8789
additions,107,or,6133
address,108,himself,4227
addressed,109,himself,4227
addresses,110,donations,2559
adelaide,111,had,3972
adelaidei,112,know,4955
adelaidemrs,113,ensorhas,2915
adelaides,114,house,4319
adelaidesan,115,instance,4643
adelaidethats,116,her,4163
adequate,117,in,4492
adequately,118,filled,3322
adhelms,119,church,1438
adhering,120,to,8982
adieu,121,thank,8805
adieux,122,and,320
adjoining,123,room,7433
adjudged,124,prizes,6809
adjured,125,her,4163
adjust,126,herself,4189
adjusted,127,a,1
adjustment,128,of,6056
admiration,129,of,6056
admire,130,big,846
admired,131,her,4163
admirer,132,as,483
admirersto,133,prevent,6779
admires,134,me,5465
admiring,135,her,4163
admit,136,that,8810
admittance,137,to,8982
admitted,138,that,8810
admitting,139,an,315
admonished,140,turned,9173
admonishment,141,cynthia,2066
ado,142,but,1154
adolescence,143,and,320
adopted,144,openly,6113
adoption,145,of,6056
adore,146,joe,4840
adored,147,her,4163
adown,148,the,8815
adroit,149,playing,6583
adroitly,150,moving,5779
advance,151,gertrude,3738
advanced,152,conversation,1824
advancing,153,age,191
advantage,154,to,8982
adventure,155,he,4084
adventurer,156,made,5343
adventures,157,in,4492
adverse,158,microbes,5577
advertised,159,on,6089
advertisements,160,the,8815
advice,161,florence,3423
adviser,162,was,9600
aerial,163,revolt,7357
afeared,164,of,6056
affair,165,at,530
affairs,166,and,320
affect,167,her,4163
affected,168,air,221
affectedly,169,and,320
affecting,170,her,4163
affection,171,for,3480
affectionate,172,analogy,316
affectionately,173,or,6133
affections,174,no,5928
affects,175,my,5817
affinity,176,between,826
affirmed,177,the,8815
afford,178,to,8982
afforded,179,a,1
affront,180,such,8512
afoot,181,her,4163
afraid,182,of,6056
after,183,all,247
afternoon,184,at,530
afterpoor,185,alice,235
afterwards,186,although,288
again,187,and,320
against,188,the,8815
againtheir,189,ways,9630
againto,190,part,6308
age,191,and,320
ageestimation,192,of,6056
agei,193,never,5904
agent,194,of,6056
agents,195,guarded,3938
ages,196,have,4077
aggressive,197,overweening,6213
agitated,198,her,4163
ago,199,and,320
agoing,200,to,8982
agonethe,201,work,9873
agonized,202,tension,8787
agonizedly,203,she,7844
agonizing,204,interminable,4692
agony,205,of,6056
agothe,206,wonderful,9858
agree,207,to,8982
agreeable,208,society,8118
agreeably,209,he,4084
agreed,210,to,8982
agreement,211,you,9974
ah,212,but,1154
ahead,213,thats,8814
ahyes,214,said,7521
aided,215,their,8820
ailed,216,her,4163
ailing,217,child,1395
ails,218,ye,9949
ain,219,sakethe,7529
aint,220,agoing,200
air,221,of,6056
aircurrents,222,surging,8591
airily,223,poised,6624
airs,224,that,8810
airy,225,and,320
aisle,226,of,6056
ajar,227,the,8815
akin,228,the,8815
alarm,229,and,320
alarmed,230,while,9722
alas,231,all,247
albeit,232,for,3480
alcove,233,she,7844
alert,234,she,7844
alice,235,was,9600
alices,236,business,1147
alienate,237,and,320
alienated,238,the,8815
alienation,239,which,9719
aliens,240,in,4492
alight,241,with,9825
alighted,242,under,9247
alive,243,and,320
alivehas,244,your,9990
alivei,245,live,5215
aliveyou,246,havent,4078
all,247,the,8815
allafterwards,248,but,1154
allah,249,if,4397
allayed,250,the,8815
allbut,251,she,7844
alldone,252,quite,6984
allencompassing,253,as,483
allocating,254,much,5784
alloverish,255,it,4780
allow,256,it,4780
allowance,257,didnt,2349
allowed,258,to,8982
allowing,259,a,1
alls,260,said,7521
allseeing,261,old,6076
alltopieces,262,madwoman,5346
allude,263,to,8982
alluded,264,the,8815
allus,265,said,7521
ally,266,and,320
almighty,267,am,291
almost,268,impossible,4475
alms,269,she,7844
alone,270,in,4492
aloneall,271,alonewithout,274
alonealone,272,with,9825
aloneto,273,girn,3766
alonewithout,274,me,5465
along,275,the,8815
aloud,276,her,4163
already,277,down,2583
also,278,called,1189
altamont,279,etc,2974
altar,280,no,5928
alter,281,his,4242
alteration,282,modification,5670
alterations,283,to,8982
altered,284,by,1166
altering,285,the,8815
alternate,286,format,3518
alternately,287,the,8815
although,288,he,4084
altogether,289,a,1
always,290,did,2347
am,291,a,1
ama,292,little,5214
ambiguous,293,gaze,3716
ambition,294,to,8982
ambitions,295,they,8861
amen,296,sadly,7510
amenable,297,relations,7176
amende,298,she,7844
amends,299,but,1154
amengaged,300,to,8982
america,301,or,6133
american,302,though,8901
amiable,303,young,9983
amiably,304,as,483
amiss,305,christina,1430
among,306,the,8815
amorous,307,captain,1230
amount,308,of,6056
amounted,309,to,8982
ample,310,bosom,986
amuse,311,a,1
amused,312,a,1
amusement,313,she,7844
amusing,314,you,9974
an,315,hour,4317
analogy,316,with,9825
analytical,317,method,5566
anchored,318,to,8982
ancient,319,family,3183
and,320,the,8815
andhe,321,turned,9173
andshe,322,dropped,2655
andthe,323,womans,9847
andthere,324,seemed,7700
andwith,325,a,1
angel,326,the,8815
anger,327,i,4384
angrily,328,adding,104
angry,329,with,9825
anguish,330,as,483
animal,331,in,4492
animals,332,and,320
animalsdogs,333,preferred,6736
animated,334,safetyvalve,7519
ankle,335,in,4492
ankles,336,thus,8938
annette,337,compared,1640
announce,338,me,5465
announced,339,alice,235
annoy,340,her,4163
annoyance,341,and,320
annoyed,342,ask,497
annoys,343,you,9974
annulled,344,her,4163
anonymous,345,project,6842
another,346,woman,9843
anotherand,347,give,3768
answer,348,me,5465
answered,349,gravely,3871
answering,350,futile,3662
antelope,351,here,4170
anticipate,352,her,4163
antidote,353,of,6056
antipathetic,354,people,6409
antipodes,355,one,6093
antiquary,356,where,9712
antique,357,pattern,6359
antisocial,358,proposal,6865
antithesis,359,get,3745
antivivisectionist,360,on,6089
antlered,361,heads,4091
antlers,362,interlocked,4690
anxiety,363,undesirable,9264
anxious,364,to,8982
anxiously,365,he,4084
any,366,one,6093
anybody,367,at,530
anycoldnessanytemporary,368,estrangement,2971
anyone,369,anywhere,373
anything,370,to,8982
anythingall,371,sorts,8174
anyway,372,she,7844
anywhere,373,in,4492
apart,374,all,247
apartment,375,on,6089
apartments,376,whence,9710
apathetic,377,as,483
apathy,378,in,4492
apologetic,379,as,483
apologetically,380,almost,268
apologize,381,to,8982
apologized,382,excuse,3048
apologizing,383,to,8982
apology,384,they,8861
apotheosis,385,at,530
appalling,386,her,4163
appallingly,387,impossible,4475
apparent,388,inconsistency,4525
apparently,389,carried,1261
apparition,390,are,441
appeal,391,of,6056
appealed,392,to,8982
appealing,393,son,8159
appealingly,394,maynt,5461
appeals,395,adelaide,111
appear,396,to,8982
appearance,397,abroad,23
appearances,398,comatose,1598
appeared,399,to,8982
appearing,400,in,4492
appears,401,in,4492
appetite,402,i,4384
appetites,403,are,441
apple,404,from,3606
apples,405,beamed,703
appletree,406,thats,8814
applicable,407,state,8322
applied,408,to,8982
apply,409,for,3480
appointed,410,course,1916
appreciate,411,the,8815
appreciated,412,by,1166
appreciation,413,of,6056
apprehend,414,its,4791
apprehended,415,at,530
apprehending,416,the,8815
apprehension,417,crossed,1997
apprehensive,418,eyes,3136
approach,419,dewlap,2338
approached,420,and,320
approaching,421,and,320
approval,422,of,6056
approve,423,of,6056
approved,424,of,6056
approvingly,425,at,530
approximately,426,can,1201
april,427,storm,8387
apron,428,to,8982
apropos,429,the,8815
apt,430,to,8982
arch,431,of,6056
archedi,432,noticed,5973
archers,433,of,6056
arches,434,over,6194
architect,435,of,6056
architectural,436,investigations,4739
architecture,437,was,9600
archive,438,foundation,3543
archness,439,goodnight,3834
arduous,440,existence,3065
are,441,you,9974
area,442,sterilized,8343
aremarys,443,your,9990
arena,444,of,6056
arent,445,you,9974
argent,446,and,320
argue,447,replied,7246
argued,448,the,8815
argument,449,adelaide,111
arguments,450,should,7895
ariadne,451,of,6056
aright,452,in,4492
arise,453,directly,2394
arm,454,of,6056
armchair,455,drawn,2613
armchairs,456,and,320
armed,457,with,9825
arms,458,and,320
army,459,of,6056
arne,460,had,3972
arnecome,461,my,5817
arnes,462,husband,4369
around,463,he,4084
arraignment,464,of,6056
arrange,465,it,4780
arranged,466,her,4163
arrangement,467,he,4084
arrangements,468,for,3480
array,469,of,6056
arrived,470,she,7844
arriving,471,at,530
arrogant,472,she,7844
arrow,473,he,4084
arrowy,474,tinglings,8968
arson,475,dysarts,2717
art,476,and,320
articles,477,in,4492
artillery,478,and,320
artist,479,from,3606
artistic,480,villa,9487
artistryof,481,contrastthe,1805
artists,482,are,441
as,483,she,7844
ascend,484,she,7844
ascended,485,the,8815
ascending,486,a,1
ascetic,487,waves,9624
ascii,488,or,6133
asepticism,489,he,4084
ash,490,the,8815
ashamed,491,not,5963
ashes,492,and,320
ashtray,493,she,7844
asiatic,494,king,4924
aside,495,and,320
asis,496,with,9825
ask,497,her,4163
askance,498,by,1166
asked,499,him,4225
asking,500,gertrude,3738
asks,501,men,5527
aslant,502,and,320
aspects,503,of,6056
aspersion,504,of,6056
aspired,505,to,8982
ass,506,of,6056
assailed,507,her,4163
assert,508,themselves,8831
assertion,509,of,6056
asset,510,of,6056
assets,511,and,320
asseverated,512,mrs,5782
assiduous,513,about,18
assistance,514,arrived,470
assistants,515,if,4397
associated,516,with,9825
association,517,i,4384
assume,518,social,8114
assumed,519,between,826
assumption,520,standing,8305
assure,521,you,9974
assured,522,her,4163
assuredly,523,end,2879
astonished,524,at,530
astonishing,525,absence,27
astonishingly,526,indiscreet,4555
astral,527,bodies,944
astray,528,it,4780
asylum,529,or,6133
at,530,the,8815
atavism,531,i,4384
ate,532,a,1
athinking,533,on,6089
atmosphere,534,along,275
atrocious,535,dinner,2384
attached,536,to,8982
attaching,537,themselves,8831
attachment,538,and,320
attack,539,of,6056
attain,540,unto,9372
attainder,541,recusant,7114
attainment,542,of,6056
attempt,543,to,8982
attempted,544,explanation,3094
attempting,545,to,8982
attempts,546,at,530
attend,547,to,8982
attended,548,to,8982
attending,549,of,6056
attention,550,to,8982
attentions,551,as,483
attentive,552,affectionate,172
attentiveness,553,of,6056
attenuated,554,but,1154
attic,555,door,2566
attics,556,and,320
attire,557,much,5784
attitude,558,of,6056
attract,559,his,4242
attraction,560,of,6056
attractive,561,but,1154
attracts,562,the,8815
attributed,563,to,8982
attributing,564,his,4242
atween,565,ye,9949
auburn,566,hair,3979
audacity,567,how,4334
audible,568,sigh,7941
audiences,569,of,6056
aunt,570,polly,6641
aunts,571,had,3972
austere,572,embattled,2840
austerity,573,shyness,7932
author,574,of,6056
authorities,575,here,4170
authority,576,at,530
authorized,577,relations,7176
automatically,578,made,5343
automaton,579,she,7844
autumn,580,fire,3353
avail,581,to,8982
available,582,but,1154
availed,583,herself,4189
avalanche,584,of,6056
avenge,585,my,5817
averred,586,her,4163
aversion,587,she,7844
averted,588,their,8820
averting,589,his,4242
avoid,590,butlers,1157
avoidance,591,and,320
avoided,592,dull,2686
avoiding,593,ensors,2917
awa,594,an,315
awagging,595,alice,235
await,596,lukeor,5313
awaited,597,her,4163
awaiting,598,for,3480
awakened,599,the,8815
award,600,of,6056
awarded,601,him,4225
aware,602,of,6056
away,603,from,3606
awayall,604,of,6056
awaydo,605,come,1602
awayi,606,have,4077
awayjohn,607,ford,3493
awaynow,608,do,2522
awayrun,609,away,603
awaythe,610,jagged,4809
awaytowards,611,the,8815
awayyou,612,are,441
awe,613,of,6056
awful,614,handdid,4000
awfulalice,615,herself,4189
awfully,616,fond,3462
awkward,617,fool,3468
awkwardly,618,enough,2909
awkwardness,619,and,320
awoke,620,her,4163
awry,621,her,4163
axle,622,turning,9174
ay,623,and,320
b,624,alteration,282
babbled,625,for,3480
babies,626,she,7844
baby,627,farmer,3198
babyculture,628,they,8861
babyfarming,629,he,4084
bachelor,630,although,288
back,631,to,8982
backer,632,that,8810
background,633,as,483
backward,634,turn,9172
backwardness,635,and,320
backwards,636,and,320
bacon,637,and,320
bad,638,for,3480
bade,639,her,4163
badly,640,to,8982
bag,641,he,4084
baggy,642,little,5214
bagone,643,of,6056
bagslay,644,on,6089
bairn,645,she,7844
bairns,646,i,4384
baize,647,door,2566
baizecovered,648,table,8672
baked,649,brown,1093
balanced,650,the,8815
balancing,651,what,9700
balled,652,snow,8099
ballroom,653,fights,3316
ballrooms,654,unlit,9319
ban,655,under,9247
band,656,playing,6583
bands,657,of,6056
banged,658,there,8843
banisters,659,and,320
bank,660,it,4780
banner,661,in,4492
banns,662,charles,1351
bar,663,and,320
bare,664,room,7433
barefoot,665,on,6089
barefooted,666,on,6089
barest,667,courtesy,1919
bark,668,i,4384
barked,669,and,320
barkedyes,670,he,4084
barking,671,furiously,3649
barks,672,answered,349
barksit,673,comes,1605
barmoor,674,and,320
barometer,675,in,4492
barracks,676,at,530
barred,677,she,7844
barrel,678,come,1602
barrier,679,between,826
barring,680,this,8891
barrister,681,to,8982
bars,682,and,320
base,683,of,6056
based,684,on,6089
basement,685,a,1
bashful,686,one,6093
basket,687,of,6056
bastard,688,like,5153
bat,689,she,7844
bathbrick,690,feebly,3259
bathe,691,her,4163
bathed,692,at,530
battered,693,and,320
battle,694,roger,7419
battleground,695,of,6056
battlement,696,and,320
baulked,697,betrothal,821
bawlto,698,them,8822
bawlyes,699,bawlto,698
be,700,a,1
bead,701,off,6057
beaky,702,nose,5960
beamed,703,there,8843
beams,704,filled,3322
beand,705,the,8815
beans,706,and,320
bear,707,the,8815
beard,708,after,183
beards,709,from,3606
bearers,710,with,9825
beareth,711,sable,7500
bearing,712,of,6056
bearskin,713,rug,7479
beast,714,he,4084
beastand,715,when,9709
beastliness,716,why,9760
beastly,717,liar,5119
beasts,718,about,18
beaststhen,719,we,9632
beat,720,her,4163
beaten,721,he,4084
beating,722,he,4084
beats,723,all,247
beaus,724,feet,3267
beauties,725,to,8982
beautiful,726,figure,3317
beautifully,727,capped,1225
beauty,728,of,6056
bebut,729,on,6089
became,730,at,530
because,731,of,6056
becausebecauseoh,732,mother,5733
becauseevery,733,one,6093
beck,734,ran,7025
become,735,a,1
becoming,736,as,483
bed,737,and,320
bedamned,738,who,9750
bedchamber,739,was,9600
bedlinen,740,and,320
bedmaker,741,oh,6073
bedpost,742,the,8815
bedridden,743,daft,2072
bedroom,744,and,320
beds,745,of,6056
bedside,746,and,320
been,747,a,1
beer,748,and,320
beercasks,749,in,4492
beetle,750,brows,1097
beetlebrowed,751,face,3138
beetling,752,wall,9566
befallen,753,her,4163
before,754,he,4084
beforehand,755,in,4492
befrilled,756,skirts,8010
beg,757,your,9990
began,758,to,8982
beggar,759,and,320
beggars,760,dont,2563
begged,761,and,320
begging,762,him,4225
begin,763,with,9825
beginning,764,to,8982
begins,765,sodear,8122
beginshe,766,generally,3720
begotten,767,of,6056
begs,768,him,4225
begun,769,by,1166
behave,770,himself,4227
behaved,771,badly,640
behaving,772,rather,7038
behaviour,773,they,8861
behest,774,adelaide,111
behind,775,her,4163
behindyou,776,know,4955
behold,777,he,4084
behoved,778,farseeing,3206
being,779,a,1
beingall,780,save,7571
beings,781,for,3480
beleaguered,782,fortresses,3532
belied,783,her,4163
belief,784,he,4084
believe,785,it,4780
believed,786,there,8843
believing,787,in,4492
bell,788,a,1
bells,789,and,320
belong,790,its,4791
belonged,791,to,8982
belonging,792,to,8982
belongings,793,the,8815
belongs,794,to,8982
beloved,795,a,1
beloveds,796,name,5829
below,797,the,8815
belt,798,of,6056
bemused,799,by,1166
bend,800,down,2583
bending,801,down,2583
beneath,802,his,4242
benefit,803,and,320
bengali,804,widow,9767
bent,805,bent,805
benumbed,806,alice,235
bereft,807,of,6056
berry,808,and,320
beseech,809,thee,8818
beshe,810,is,4765
beside,811,her,4163
besides,812,he,4084
best,813,of,6056
bestirred,814,himself,4227
bet,815,i,4384
betokened,816,he,4084
betray,817,and,320
betrayed,818,itself,4792
betrayeth,819,itself,4792
betraying,820,youand,9975
betrothal,821,with,9825
better,822,than,8804
betting,823,was,9600
betty,824,creswick,1977
bettydo,825,you,9974
between,826,the,8815
bevelled,827,sides,7938
beverley,828,and,320
bewildered,829,by,1166
bewildering,830,crosslights,1999
bewitched,831,i,4384
beyes,832,actually,95
beyond,833,the,8815
beyont,834,isnt,4769
bianca,835,capello,1220
bib,836,was,9600
bible,837,and,320
bickering,838,with,9825
bicycle,839,and,320
bid,840,her,4163
bidden,841,her,4163
bidding,842,joe,4840
bide,843,with,9825
bided,844,his,4242
biding,845,her,4163
big,846,house,4319
bigger,847,than,8804
biggest,848,of,6056
bilked,849,says,7584
billet,850,when,9709
bills,851,now,5987
binary,852,compressed,1672
bind,853,faster,3220
bindeth,854,the,8815
binding,855,presently,6755
bird,856,at,530
birds,857,twittering,9194
biron,858,he,4084
birth,859,and,320
birthday,860,she,7844
biscuit,861,joint,4848
biscuits,862,was,9600
bishops,863,cousin,1923
bit,864,of,6056
bite,865,and,320
bitorhis,866,immense,4439
bits,867,of,6056
bitten,868,in,4492
bitter,869,accents,41
bitterly,870,i,4384
bitterness,871,and,320
blabbed,872,our,6167
black,873,hair,3979
blackbeetle,874,looked,5259
blackish,875,under,9247
blackmourning,876,i,4384
blackness,877,of,6056
blade,878,of,6056
blades,879,open,6109
blame,880,and,320
blamed,881,the,8815
blanche,882,she,7844
blanched,883,smitten,8074
blandishments,884,he,4084
blank,885,she,7844
blanket,886,hes,4197
blast,887,and,320
blasted,888,house,4319
blaze,889,his,4242
bleached,890,perhaps,6433
bleakness,891,a,1
bleared,892,by,1166
bleary,893,eyes,3136
bleat,894,and,320
bled,895,and,320
bless,896,em,2835
blessed,897,evening,2987
blessings,898,on,6089
blew,899,her,4163
bligh,900,a,1
blighted,901,the,8815
blind,902,and,320
blinded,903,by,1166
blindness,904,she,7844
blinds,905,down,2583
blindselfdeceiving,906,a,1
blinking,907,a,1
bliss,908,might,5583
blizzardville,909,every,3001
blood,910,in,4492
bloodthirsty,911,man,5377
bloody,912,hem,4155
bloom,913,returned,7339
bloomed,914,every,3001
blotted,915,for,3480
blotting,916,out,6170
blottingpad,917,mem,5518
blow,918,of,6056
blowed,919,she,7844
blows,920,its,4791
blue,921,bonnet,964
bluebottle,922,buzzed,1165
blueness,923,over,6194
blues,924,the,8815
blueveined,925,hands,4007
bluff,926,man,5377
bluffly,927,she,7844
blundered,928,down,2583
blundering,929,rushes,7494
blunt,930,and,320
bluntly,931,declare,2168
blurred,932,shield,7863
blurt,933,out,6170
blurted,934,out,6170
bluster,935,he,4084
boa,936,tightly,8951
board,937,and,320
boardings,938,with,9825
boards,939,and,320
boast,940,a,1
boasted,941,that,8810
boat,942,i,4384
bob,943,for,3480
bodies,944,outlined,6180
bodily,945,awayi,606
body,946,of,6056
bodyher,947,voice,9522
bodysenselesslonelystranded,948,on,6089
bogey,949,in,4492
bohemianism,950,but,1154
boil,951,over,6194
boiled,952,he,4084
boiling,953,already,277
bold,954,reliance,7187
boldly,955,as,483
bolt,956,shaped,7830
bolted,957,the,8815
bolton,958,he,4084
bolts,959,but,1154
bonds,960,and,320
bone,961,of,6056
bones,962,about,18
boneshe,963,had,3972
bonnet,964,a,1
bonny,965,bairn,645
bony,966,floury,3430
book,967,and,320
bookcase,968,at,530
booking,969,was,9600
books,970,about,18
bookstall,971,to,8982
boot,972,with,9825
booted,973,leg,5091
booths,974,the,8815
boots,975,on,6089
bordered,976,by,1166
borders,977,of,6056
bore,978,the,8815
bored,979,air,221
boredom,980,boredom,980
bores,981,you,9974
born,982,and,320
borne,983,and,320
bornnever,984,even,2986
bosky,985,mazes,5464
bosom,986,as,483
boss,987,as,483
boswell,988,speaks,8205
both,989,of,6056
bother,990,she,7844
bothered,991,about,18
bothering,992,the,8815
bottle,993,of,6056
bottles,994,she,7844
bottom,995,of,6056
boudoirs,996,arranged,466
bough,997,a,1
boughs,998,lashed,5020
bought,999,high,4210
bouncing,1000,jolly,4852
bound,1001,by,1166
bounded,1002,their,8820
bounden,1003,their,8820
bounder,1004,dr,2593
bounderism,1005,adelaide,111
bounds,1006,of,6056
bourgeois,1007,feeling,3263
bout,1008,of,6056
bow,1009,did,2347
bowed,1010,i,4384
bowl,1011,downstairs,2588
bowler,1012,hat,4060
bows,1013,and,320
box,1014,and,320
boxes,1015,flung,3440
boy,1016,at,530
boya,1017,clever,1501
boys,1018,a,1
bradshaw,1019,and,320
brain,1020,where,9712
brainan,1021,oppression,6130
bramble,1022,trail,9066
brambles,1023,caught,1293
branch,1024,of,6056
branches,1025,as,483
brandished,1026,he,4084
brandy,1027,you,9974
brass,1028,denoting,2237
brasstoed,1029,sollerets,8146
brat,1030,if,4397
bravado,1031,you,9974
braved,1032,artillery,478
bravely,1033,she,7844
bravo,1034,tim,8955
breach,1035,of,6056
bread,1036,alone,270
breadgetting,1037,it,4780
breadth,1038,of,6056
break,1039,down,2583
breakable,1040,compromisable,1673
breakfast,1041,but,1154
breakfasted,1042,and,320
breaking,1043,his,4242
breast,1044,she,7844
breasts,1045,rose,7442
breath,1046,not,5963
breathe,1047,deathto,2153
breathed,1048,and,320
breathing,1049,at,530
breathless,1050,a,1
breathlessly,1051,yes,9959
breaths,1052,testified,8797
bred,1053,and,320
breed,1054,money,5680
breezily,1055,captain,1230
breezy,1056,butterfly,1160
brevity,1057,and,320
brick,1058,wall,9566
bricks,1059,halfway,3992
bridge,1060,at,530
bridles,1061,came,1199
brief,1062,kiss,4928
briefly,1063,no,5928
bright,1064,and,320
brightly,1065,burning,1138
brighton,1066,today,8985
brilliance,1067,faded,3151
brilliancy,1068,of,6056
brilliant,1069,alice,235
bring,1070,herself,4189
bringing,1071,home,4268
brings,1072,inevitably,4577
briskly,1073,towards,9045
british,1074,countenance,1902
brittle,1075,theres,8854
broad,1076,white,9741
broadly,1077,and,320
broke,1078,out,6170
broken,1079,crumbs,2017
brood,1080,on,6089
brooded,1081,over,6194
brooding,1082,and,320
brook,1083,the,8815
brooked,1084,no,5928
brookhead,1085,but,1154
broom,1086,away,603
brother,1087,she,7844
brothers,1088,arm,454
brougham,1089,door,2566
brought,1090,up,9383
brow,1091,as,483
browhalfamile,1092,away,603
brown,1093,bird,856
browned,1094,under,9247
brownrigg,1095,and,320
browns,1096,and,320
brows,1097,meeting,5506
brr,1098,she,7844
brunt,1099,of,6056
brush,1100,her,4163
brushed,1101,her,4163
brushing,1102,the,8815
brusque,1103,kind,4914
brusquely,1104,in,4492
brusquerie,1105,a,1
brutal,1106,complacent,1649
brutalized,1107,but,1154
brutally,1108,and,320
brute,1109,call,1188
brutes,1110,savage,7566
bryony,1111,shoots,7890
bubble,1112,its,4791
bubbles,1113,sayever,7580
buck,1114,up,9383
bucolic,1115,completeness,1657
buffeted,1116,all,247
builder,1117,who,9750
building,1118,finished,3350
buildings,1119,for,3480
built,1120,in,4492
bulged,1121,in,4492
bulging,1122,packet,6236
bulky,1123,package,6234
bull,1124,never,5904
bulldog,1125,like,5153
bullied,1126,her,4163
bulls,1127,eyes,3136
bumpings,1128,that,8810
bunch,1129,of,6056
bunches,1130,of,6056
bundle,1131,of,6056
burden,1132,it,4780
burdened,1133,with,9825
burial,1134,service,7780
buried,1135,in,4492
burly,1136,arm,454
burn,1137,itself,4792
burning,1138,eyes,3136
burnt,1139,five,3371
burrows,1140,what,9700
burst,1141,of,6056
bursts,1142,of,6056
bury,1143,her,4163
burying,1144,himself,4227
bushy,1145,eyebrows,3131
busied,1146,herself,4189
business,1147,for,3480
businesslike,1148,headless,4088
bustle,1149,whoap,9751
bustled,1150,up,9383
busy,1151,and,320
busybody,1152,and,320
busying,1153,herself,4189
but,1154,i,4384
butcher,1155,they,8861
butler,1156,apprehending,416
butlers,1157,men,5527
butshe,1158,leaned,5062
butter,1159,before,754
butterfly,1160,way,9627
button,1161,for,3480
buttoned,1162,a,1
buttoning,1163,his,4242
buy,1164,a,1
buzzed,1165,in,4492
by,1166,the,8815
byis,1167,terrible,8791
byles,1168,contents,1788
byplay,1169,with,9825
c,1170,any,366
cab,1171,and,320
cabin,1172,was,9600
cabinet,1173,doorsto,2570
cabinets,1174,of,6056
cablegram,1175,lying,5329
cabman,1176,swore,8658
cabmans,1177,number,5999
cage,1178,her,4163
caged,1179,creature,1968
cajoled,1180,the,8815
cake,1181,on,6089
caked,1182,dried,2638
calculate,1183,your,9990
calculated,1184,sternness,8347
calculation,1185,but,1154
california,1186,a,1
californian,1187,summers,8545
call,1188,it,4780
called,1189,the,8815
caller,1190,came,1199
callers,1191,come,1602
calling,1192,any,366
callous,1193,her,4163
calls,1194,at,530
calm,1195,and,320
calmly,1196,the,8815
calmness,1197,and,320
calves,1198,and,320
came,1199,to,8982
camei,1200,saw,7577
can,1201,do,2522
candle,1202,and,320
candlish,1203,would,9905
candlishs,1204,cordial,1856
candy,1205,a,1
cannot,1206,be,700
canon,1207,st,8279
canonical,1208,few,3297
cant,1209,help,4147
cantankerous,1210,branches,1025
canti,1211,wont,9861
canting,1212,respectable,7293
canto,1213,me,5465
canton,1214,ermine,2950
canvassing,1215,the,8815
cap,1216,and,320
capable,1217,of,6056
capacious,1218,pocket,6611
caparisoned,1219,properly,6860
capello,1220,business,1147
capital,1221,counterblast,1903
capitation,1222,fee,3257
capitulation,1223,you,9974
capn,1224,except,3029
capped,1225,and,320
capreach,1226,it,4780
caprice,1227,in,4492
capricious,1228,easilybored,2741
caps,1229,which,9719
captain,1230,butler,1156
captains,1231,leg,5091
capting,1232,the,8815
capturing,1233,something,8153
car,1234,and,320
card,1235,donations,2559
cardboard,1236,box,1014
cardiff,1237,it,4780
cardiffi,1238,am,291
cardiffwho,1239,cares,1249
care,1240,for,3480
cared,1241,to,8982
careful,1242,to,8982
carefulbut,1243,as,483
carefully,1244,from,3606
careher,1245,child,1395
careless,1246,of,6056
carelessly,1247,but,1154
carelessness,1248,his,4242
cares,1249,for,3480
caress,1250,with,9825
caressed,1251,her,4163
cargo,1252,of,6056
caring,1253,coffee,1565
carlo,1254,existence,3065
carlton,1255,form,3514
carpet,1256,on,6089
carpeted,1257,here,4170
carpets,1258,and,320
carriage,1259,at,530
carriagelamp,1260,glared,3779
carried,1261,out,6170
carrot,1262,scrapings,7635
carrots,1263,there,8843
carroty,1264,knife,4945
carry,1265,her,4163
carrying,1266,a,1
cars,1267,therewaiting,8857
cart,1268,and,320
carte,1269,blanche,882
carvingknife,1270,in,4492
case,1271,of,6056
cased,1272,in,4492
cases,1273,of,6056
cash,1274,for,3480
cask,1275,is,4765
cast,1276,aside,495
casting,1277,a,1
castle,1278,of,6056
castles,1279,and,320
casual,1280,conversation,1824
casually,1281,with,9825
cat,1282,but,1154
catastrophe,1283,dont,2563
catch,1284,him,4225
catches,1285,me,5465
catching,1286,cold,1573
category,1287,as,483
cater,1288,for,3480
caterer,1289,for,3480
catgut,1290,or,6133
cats,1291,and,320
cattle,1292,and,320
caught,1293,the,8815
cause,1294,of,6056
caused,1295,the,8815
causes,1296,they,8861
causeways,1297,as,483
caution,1298,exclaimed,3043
cavernous,1299,gulf,3952
cawed,1300,from,3606
cawthorne,1301,of,6056
cease,1302,using,9412
ceased,1303,to,8982
ceiling,1304,and,320
ceilings,1305,and,320
cell,1306,about,18
cellar,1307,as,483
cellars,1308,behind,775
centre,1309,the,8815
centres,1310,in,4492
centuries,1311,ensor,2914
ceremonious,1312,she,7844
ceremony,1313,i,4384
certain,1314,amount,308
certainly,1315,not,5963
certainties,1316,a,1
certificate,1317,and,320
certificated,1318,properly,6860
cessation,1319,of,6056
chafed,1320,and,320
chain,1321,of,6056
chained,1322,monster,5691
chair,1323,and,320
chairman,1324,canon,1207
chairs,1325,according,60
chamber,1326,into,4719
chambers,1327,nearly,5854
champagne,1328,she,7844
chance,1329,of,6056
chanced,1330,to,8982
chances,1331,were,9692
change,1332,of,6056
changed,1333,a,1
changes,1334,in,4492
changing,1335,and,320
chapel,1336,sally,7532
chapels,1337,on,6089
chaperon,1338,each,2719
chaperonage,1339,for,3480
chapter,1340,i,4384
character,1341,she,7844
characteristic,1342,crankiness,1947
characteristics,1343,more,5721
charge,1344,a,1
charged,1345,with,9825
charges,1346,if,4397
charing,1347,cross,1996
charitable,1348,donations,2559
charities,1349,and,320
charity,1350,the,8815
charles,1351,daunet,2119
charless,1352,bonnet,964
charlie,1353,bligh,900
charm,1354,and,320
charmalice,1355,in,4492
charmed,1356,by,1166
charming,1357,attentive,552
charred,1358,logs,5242
chary,1359,of,6056
chase,1360,it,4780
chasm,1361,that,8810
chastening,1362,i,4384
chastens,1363,him,4225
chat,1364,mrs,5782
chatelaine,1365,of,6056
chattering,1366,too,9010
chatting,1367,to,8982
cheap,1368,drawingroom,2611
check,1369,the,8815
checked,1370,cotton,1891
checks,1371,online,6101
cheek,1372,in,4492
cheekit,1373,was,9600
cheeks,1374,and,320
cheer,1375,her,4163
cheerful,1376,easygoing,2746
cheerfully,1377,put,6951
cheery,1378,voice,9522
chelsea,1379,artist,479
chemist,1380,i,4384
chemists,1381,and,320
chenies,1382,hardly,4043
cheque,1383,mrs,5782
chequebook,1384,which,9719
chequesigning,1385,powers,6700
cherished,1386,and,320
chest,1387,to,8982
chestnuts,1388,out,6170
cheval,1389,glass,3780
chew,1390,properly,6860
cheyne,1391,walk,9562
chickens,1392,or,6133
chief,1393,use,9403
chilblains,1394,i,4384
child,1395,and,320
childa,1396,child,1395
childand,1397,mine,5605
childbearing,1398,and,320
childer,1399,come,1602
childhood,1400,thrown,8931
childish,1401,consolation,1757
childlike,1402,he,4084
childmurder,1403,is,4765
children,1404,were,9692
childrens,1405,faces,3140
childs,1406,eyes,3136
childyes,1407,the,8815
chill,1408,at,530
chilling,1409,effect,2780
chilly,1410,and,320
chillyshe,1411,shiveredi,7877
chimney,1412,corner,1862
chimneypiece,1413,it,4780
chin,1414,her,4163
china,1415,and,320
chintz,1416,sofa,8123
chivalry,1417,and,320
chocolate,1418,fondants,3463
choose,1419,to,8982
chopper,1420,about,18
chopperto,1421,be,700
chopping,1422,operations,6118
chose,1423,to,8982
chosen,1424,to,8982
chriemhild,1425,spoke,8251
christ,1426,amen,296
christening,1427,mrs,5782
christian,1428,burial,1134
christies,1429,once,6090
christina,1430,and,320
christinas,1431,father,3227
christinathe,1432,lady,4982
christmas,1433,day,2126
christopher,1434,daunet,2119
chuckled,1435,who,9750
chuckling,1436,in,4492
chunks,1437,of,6056
church,1438,with,9825
churches,1439,all,247
churchwoman,1440,graham,3849
churchyard,1441,but,1154
cicerone,1442,broke,1078
cider,1443,theres,8854
cigar,1444,into,4719
cigarette,1445,boxes,1015
cigarettes,1446,they,8861
cigars,1447,but,1154
cincture,1448,now,5987
cinder,1449,paths,6352
circe,1450,who,9750
circle,1451,of,6056
circles,1452,only,6102
circumference,1453,as,483
circumscribe,1454,itself,4792
circumscribed,1455,by,1166
circumstance,1456,or,6133
circumstances,1457,of,6056
circus,1458,and,320
cities,1459,nice,5913
citing,1460,their,8820
citizen,1461,when,9709
city,1462,councillors,1897
civic,1463,functions,3640
civil,1464,especially,2958
civilized,1465,man,5377
civilizing,1466,all,247
civilly,1467,well,9671
civism,1468,and,320
clad,1469,bundle,1131
claim,1470,a,1
claims,1471,of,6056
clang,1472,of,6056
clanged,1473,the,8815
clap,1474,of,6056
clapped,1475,him,4225
clarity,1476,under,9247
clarkson,1477,certainly,1315
clarksonyour,1478,landladyyour,5000
clasp,1479,of,6056
clasped,1480,according,60
claspknife,1481,with,9825
clasps,1482,of,6056
class,1483,hauteur,4076
classes,1484,these,8860
clatter,1485,of,6056
clawed,1486,him,4225
clawlike,1487,handled,4005
clay,1488,here,4170
clayey,1489,mud,5786
clean,1490,and,320
cleaned,1491,the,8815
clear,1492,away,603
cleared,1493,off,6057
clearings,1494,they,8861
clearly,1495,havent,4078
clematis,1496,tendrils,8780
clench,1497,his,4242
cleopatra,1498,and,320
clergyman,1499,she,7844
clerk,1500,at,530
clever,1501,enough,2909
cleverest,1502,untidiest,9368
cleverly,1503,by,1166
click,1504,of,6056
clicksomething,1505,like,5153
cliffs,1506,that,8810
climb,1507,it,4780
climbing,1508,up,9383
climes,1509,and,320
cling,1510,and,320
clinging,1511,she,7844
clink,1512,of,6056
clinking,1513,their,8820
cloaked,1514,and,320
clock,1515,in,4492
close,1516,to,8982
closed,1517,the,8815
closedrawn,1518,blinds,905
closely,1519,against,188
closeness,1520,he,4084
closer,1521,he,4084
closerher,1522,awful,614
closeted,1523,with,9825
closing,1524,the,8815
cloth,1525,crouching,2002
clothed,1526,its,4791
clothes,1527,on,6089
cloud,1528,had,3972
clouds,1529,and,320
cloudy,1530,swathes,8624
clout,1531,of,6056
cloven,1532,foot,3475
clown,1533,the,8815
club,1534,of,6056
clubergoodbye,1535,he,4084
clue,1536,to,8982
clump,1537,of,6056
clumps,1538,of,6056
clumsily,1539,trying,9159
clumsy,1540,at,530
clung,1541,to,8982
cluster,1542,of,6056
clustered,1543,about,18
clutched,1544,the,8815
coach,1545,of,6056
coachful,1546,of,6056
coachman,1547,was,9600
coarse,1548,and,320
coarsely,1549,goodhumoured,3828
coat,1550,a,1
coatfumbled,1551,at,530
coats,1552,and,320
cobbled,1553,stones,8374
cobbles,1554,ensor,2914
cobwebby,1555,window,9795
cobwebs,1556,over,6194
cockandbull,1557,story,8390
cocking,1558,his,4242
cockney,1559,accent,40
cockroach,1560,that,8810
code,1561,in,4492
codes,1562,that,8810
codethey,1563,manage,5378
coeditress,1564,good,3826
coffee,1565,and,320
coffin,1566,and,320
coffinlid,1567,dont,2563
cogs,1568,of,6056
cohort,1569,ensor,2914
coin,1570,here,4170
coincide,1571,with,9825
coincidence,1572,see,7690
cold,1573,and,320
coldand,1574,flung,3440
coldblooded,1575,specimen,8210
colder,1576,climes,1509
coldit,1577,doesnt,2530
coldly,1578,away,603
coldness,1579,temporary,8768
collaborator,1580,gives,3770
collapse,1581,i,4384
collar,1582,and,320
collared,1583,his,4242
colleague,1584,who,9750
collect,1585,his,4242
collected,1586,round,7453
collecting,1587,herself,4189
collection,1588,of,6056
college,1589,her,4163
colliery,1590,man,5377
colonel,1591,charles,1351
colonize,1592,a,1
colonnade,1593,and,320
colour,1594,belied,783
coloured,1595,ribbons,7366
colourless,1596,bare,664
coloursblue,1597,and,320
comatose,1598,something,8153
combating,1599,talk,8695
combatively,1600,greater,3880
combined,1601,with,9825
come,1602,to,8982
comed,1603,in,4492
comeone,1604,is,4765
comes,1605,in,4492
comfort,1606,and,320
comfortable,1607,and,320
comforted,1608,and,320
comforter,1609,keep,4890
comfortless,1610,and,320
comic,1611,actor,90
coming,1612,to,8982
command,1613,an,315
commanding,1614,the,8815
commandingly,1615,ensor,2914
commended,1616,itself,4792
commensals,1617,the,8815
comment,1618,all,247
commented,1619,learnedly,5072
commercial,1620,redistribution,7122
comminuted,1621,fracture,3556
commiseration,1622,and,320
commit,1623,any,366
committed,1624,the,8815
committee,1625,was,9600
committeeroom,1626,certainly,1315
commodity,1627,she,7844
common,1628,adventurer,156
commonplace,1629,coldblooded,1575
commonplaces,1630,when,9709
commotion,1631,dwarfed,2707
communicate,1632,with,9825
communicated,1633,her,4163
communication,1634,sitting,7989
community,1635,than,8804
companion,1636,it,4780
company,1637,for,3480
companys,1638,i,4384
comparative,1639,ease,2738
compared,1640,notes,5967
comparing,1641,them,8822
comparisoncheerful,1642,fellow,3269
compassed,1643,in,4492
compassionately,1644,i,4384
compendious,1645,claspknife,1481
compensation,1646,but,1154
competency,1647,as,483
compilation,1648,copyright,1852
complacent,1649,affection,171
complacently,1650,admiring,135
complain,1651,for,3480
complained,1652,not,5963
complaining,1653,as,483
complains,1654,of,6056
complaisance,1655,that,8810
completely,1656,it,4780
completeness,1657,and,320
complexion,1658,of,6056
compliance,1659,with,9825
compliant,1660,florence,3423
complicated,1661,abnormal,14
complication,1662,it,4780
complications,1663,there,8843
compliment,1664,of,6056
complimentary,1665,to,8982
comply,1666,with,9825
complying,1667,with,9825
composed,1668,of,6056
composedly,1669,at,530
composing,1670,it,4780
composite,1671,building,1118
compressed,1672,marked,5409
compromisable,1673,commodity,1627
compromise,1674,her,4163
compromising,1675,herself,4189
computer,1676,codes,1562
computers,1677,including,4519
concave,1678,and,320
conceal,1679,it,4780
concealed,1680,and,320
conceded,1681,gertrude,3738
conceited,1682,but,1154
conceive,1683,fully,3631
conceived,1684,adroitly,150
concentrating,1685,every,3001
concept,1686,and,320
conception,1687,of,6056
concern,1688,a,1
concerned,1689,he,4084
concerning,1690,herself,4189
concerns,1691,and,320
concert,1692,and,320
concession,1693,to,8982
conciseness,1694,one,6093
concluded,1695,he,4084
conclusions,1696,and,320
concoction,1697,of,6056
concrete,1698,calmly,1196
condemned,1699,a,1
condemning,1700,the,8815
condescend,1701,to,8982
condescended,1702,to,8982
condition,1703,he,4084
conditions,1704,felt,3275
conduct,1705,and,320
confess,1706,i,4384
confessions,1707,those,8899
confessornot,1708,humannot,4349
confidant,1709,a,1
confidante,1710,during,2694
confide,1711,in,4492
confided,1712,her,4163
confidence,1713,she,7844
confidences,1714,eh,2797
confident,1715,her,4163
confidential,1716,well,9671
confidentially,1717,taking,8691
confine,1718,herself,4189
confined,1719,for,3480
confirmation,1720,of,6056
confirmed,1721,as,483
confoundedly,1722,bad,638
confronted,1723,him,4225
confrres,1724,into,4719
confused,1725,the,8815
confusedly,1726,made,5343
congenital,1727,weakness,9639
congratulate,1728,you,9974
congratulating,1729,herself,4189
conjugal,1730,rights,7388
connect,1731,him,4225
connected,1732,with,9825
connection,1733,with,9825
connoisseur,1734,no,5928
conscience,1735,alice,235
conscienceif,1736,youd,9979
consciencestricken,1737,yet,9962
conscientious,1738,twelve,9182
conscious,1739,of,6056
consciously,1740,at,530
consciousness,1741,now,5987
consecutive,1742,opportunity,6123
consequence,1743,of,6056
consequences,1744,of,6056
consequential,1745,punitive,6928
conservative,1746,almost,268
consider,1747,only,6102
considerable,1748,effort,2787
considerably,1749,i,4384
considerate,1750,over,6194
consideration,1751,by,1166
considered,1752,it,4780
considering,1753,im,4426
considers,1754,herself,4189
consistency,1755,she,7844
consisting,1756,of,6056
consolation,1757,to,8982
console,1758,me,5465
consoled,1759,her,4163
consolingly,1760,that,8810
consonant,1761,with,9825
conspiracy,1762,that,8810
constant,1763,assertion,509
constantly,1764,expecting,3077
constitute,1765,outofthewayness,6182
constitution,1766,to,8982
constrained,1767,himself,4227
constraint,1768,put,6951
construction,1769,which,9719
consult,1770,about,18
consulted,1771,than,8804
consumption,1772,their,8820
consumptive,1773,peaks,6378
contact,1774,had,3972
contain,1775,a,1
contained,1776,indeed,4537
containing,1777,a,1
contemplate,1778,even,2986
contemplated,1779,the,8815
contemplation,1780,of,6056
contemporary,1781,literature,5212
contempt,1782,of,6056
contemptuously,1783,and,320
content,1784,with,9825
contented,1785,himself,4227
contention,1786,sir,7983
contentment,1787,and,320
contents,1788,the,8815
continent,1789,every,3001
continental,1790,trains,9073
contingent,1791,of,6056
continually,1792,begging,762
continue,1793,he,4084
continued,1794,to,8982
continuous,1795,cold,1573
continuously,1796,sideways,7940
contract,1797,except,3029
contracted,1798,looking,5260
contraction,1799,of,6056
contractions,1800,end,2879
contralto,1801,chest,1387
contrary,1802,alloverish,255
contrast,1803,to,8982
contrasted,1804,with,9825
contrastthe,1805,morbid,5716
contravened,1806,beyond,833
contribute,1807,to,8982
contributions,1808,from,3606
contrition,1809,for,3480
contrive,1810,dear,2144
contrived,1811,without,9833
control,1812,her,4163
controli,1813,dont,2563
controlled,1814,herself,4189
controlling,1815,the,8815
convenience,1816,a,1
convenient,1817,for,3480
conveniently,1818,full,3626
convention,1819,again,187
conventional,1820,cowardwhat,1937
conventionally,1821,nothing,5968
conventions,1822,have,4077
converging,1823,for,3480
conversation,1824,had,3972
conversations,1825,and,320
convert,1826,to,8982
conveyance,1827,coming,1612
conveyances,1828,stood,8377
conviction,1829,excuse,3048
convince,1830,you,9974
convinced,1831,of,6056
convivial,1832,habits,3969
conviviality,1833,the,8815
convulsionand,1834,the,8815
conyers,1835,family,3183
cook,1836,had,3972
cooked,1837,and,320
cooking,1838,it,4780
cooks,1839,child,1395
cookwhy,1840,the,8815
cool,1841,deferring,2188
coolness,1842,of,6056
cooper,1843,helped,4148
coopers,1844,best,813
copied,1845,and,320
copies,1846,of,6056
copper,1847,then,8833
coppice,1848,or,6133
copses,1849,they,8861
copy,1850,of,6056
copying,1851,and,320
copyright,1852,law,5046
coquetishly,1853,finished,3350
coquettish,1854,grimace,3902
cord,1855,barking,671
cordial,1856,he,4084
cordiality,1857,about,18
cordially,1858,but,1154
cords,1859,of,6056
corduroys,1860,he,4084
corduroysfarewell,1861,very,9470
corner,1862,of,6056
cornerevery,1863,roomto,7438
corners,1864,and,320
cornersof,1865,london,5244
corneryou,1866,know,4955
corporal,1867,punishment,6927
corporation,1868,organized,6148
corpse,1869,being,779
corpses,1870,laid,4988
correct,1871,for,3480
corrected,1872,dr,2593
correction,1873,before,754
correspond,1874,the,8815
corresponded,1875,as,483
corresponding,1876,fervour,3286
corridor,1877,outside,6188
corridors,1878,she,7844
corrupt,1879,data,2112
corruptible,1880,shall,7817
corsage,1881,that,8810
corsets,1882,on,6089
coruscateand,1883,finally,3333
cosset,1884,him,4225
cost,1885,and,320
costs,1886,and,320
cosy,1887,corner,1862
cote,1888,dazur,2132
cots,1889,to,8982
cottages,1890,to,8982
cotton,1891,dress,2629
couch,1892,beside,811
cough,1893,made,5343
coughed,1894,as,483
could,1895,not,5963
couldnt,1896,have,4077
councillors,1897,to,8982
counsel,1898,but,1154
counsels,1899,might,5583
count,1900,but,1154
counted,1901,for,3480
countenance,1902,at,530
counterblast,1903,to,8982
countless,1904,cats,1291
countries,1905,are,441
countrified,1906,air,221
country,1907,doctor,2523
countryhouse,1908,style,8484
countryhousing,1909,up,9383
countryside,1910,was,9600
county,1911,in,4492
couple,1912,of,6056
courage,1913,ensor,2914
courageto,1914,be,700
courageyou,1915,spoke,8251
course,1916,i,4384
courses,1917,of,6056
court,1918,at,530
courtesy,1919,she,7844
courtly,1920,biron,858
courts,1921,had,3972
courtyard,1922,at,530
cousin,1923,of,6056
cousins,1924,yes,9959
cover,1925,her,4163
covered,1926,with,9825
covering,1927,must,5809
coverings,1928,it,4780
coverlet,1929,but,1154
covert,1930,to,8982
covertly,1931,was,9600
covet,1932,it,4780
coveted,1933,man,5377
cow,1934,in,4492
coward,1935,afraid,182
cowarda,1936,mean,5472
cowardwhat,1937,they,8861
cowed,1938,and,320
cowered,1939,and,320
cowering,1940,a,1
cows,1941,and,320
crack,1942,on,6089
cracked,1943,and,320
cradlefrom,1944,the,8815
cram,1945,my,5817
crank,1946,who,9750
crankiness,1947,she,7844
cranky,1948,her,4163
cranny,1949,and,320
crape,1950,on,6089
crash,1951,a,1
crave,1952,his,4242
craven,1953,as,483
craving,1954,for,3480
crawl,1955,out,6170
crawled,1956,he,4084
crazes,1957,as,483
crazy,1958,stairs,8294
creaked,1959,on,6089
creaking,1960,steps,8342
crease,1961,of,6056
creased,1962,napkin,5838
creases,1963,of,6056
creasy,1964,legs,5097
created,1965,by,1166
creating,1966,derivative,2268
creation,1967,of,6056
creature,1968,a,1
creatures,1969,ive,4798
credit,1970,card,1235
credits,1971,an,315
creek,1972,wyoming,9944
creep,1973,in,4492
cremated,1974,this,8891
crept,1975,away,603
crestfallen,1976,figure,3317
creswick,1977,would,9905
creswicks,1978,alone,270
crevice,1979,and,320
cried,1980,for,3480
cries,1981,were,9692
crime,1982,and,320
crimson,1983,of,6056
crinkled,1984,folds,3452
crinkly,1985,hair,3979
crippled,1986,in,4492
crisis,1987,passed,6331
crisp,1988,befrilled,756
critic,1989,and,320
critical,1990,to,8982
criticism,1991,and,320
critics,1992,favour,3240
crockery,1993,warranted,9596
crockyminded,1994,noblemen,5931
crooked,1995,stair,8292
cross,1996,and,320
crossed,1997,the,8815
crossing,1998,the,8815
crosslights,1999,and,320
crossly,2000,and,320
crouched,2001,on,6089
crouching,2002,in,4492
crowd,2003,and,320
crowds,2004,in,4492
crowed,2005,and,320
crown,2006,of,6056
crowned,2007,headthat,4094
crowning,2008,than,8804
crows,2009,feet,3267
crude,2010,passion,6336
cruel,2011,and,320
cruelly,2012,drawn,2613
cruelties,2013,of,6056
cruelty,2014,to,8982
crueltymasked,2015,by,1166
crumbling,2016,festering,3287
crumbs,2017,of,6056
crumpled,2018,tousled,9043
crumpling,2019,up,9383
crushed,2020,out,6170
crust,2021,of,6056
cry,2022,and,320
crying,2023,i,4384
cryit,2024,helps,4154
cuffs,2025,how,4334
cullercoats,2026,i,4384
culminated,2027,and,320
culminating,2028,incident,4511
culpa,2029,mea,5466
culpable,2030,he,4084
cultivate,2031,in,4492
cultivated,2032,that,8810
cultivation,2033,of,6056
culture,2034,he,4084
cumbrous,2035,young,9983
cunning,2036,born,982
cup,2037,of,6056
cupboard,2038,said,7521
cur,2039,chose,1423
curbed,2040,her,4163
cure,2041,was,9600
cured,2042,her,4163
curiosities,2043,of,6056
curiosity,2044,was,9600
curious,2045,and,320
curiously,2046,at,530
curled,2047,in,4492
curlers,2048,if,4397
curls,2049,overnight,6205
current,2050,donation,2558
curse,2051,him,4225
cursed,2052,by,1166
cursing,2053,you,9974
curt,2054,reply,7247
curtain,2055,for,3480
curtains,2056,and,320
curve,2057,and,320
curves,2058,of,6056
cushion,2059,had,3972
cushionbecause,2060,this,8891
cushions,2061,and,320
custom,2062,to,8982
cut,2063,across,80
cutting,2064,the,8815
cynical,2065,and,320
cynthia,2066,chenies,1382
cynthias,2067,careless,1246
dab,2068,of,6056
dabbing,2069,them,8822
dabbling,2070,sponges,8253
daffodil,2071,this,8891
daft,2072,and,320
dagger,2073,through,8925
daily,2074,paper,6283
damage,2075,limited,5172
damaged,2076,disk,2453
damages,2077,costs,1886
damask,2078,portieres,6658
damer,2079,had,3972
damers,2080,fastandloose,3218
damn,2081,it,4780
damned,2082,dogll,2535
damp,2083,and,320
danby,2084,moor,5707
dance,2085,any,366
danced,2086,and,320
dancing,2087,cried,1980
danger,2088,of,6056
dangerif,2089,you,9974
dangerous,2090,dangerous,2090
dangers,2091,of,6056
dangled,2092,helplessly,4151
dangling,2093,her,4163
dante,2094,lectures,5083
dapper,2095,little,5214
dare,2096,to,8982
dared,2097,not,5963
daredrang,2098,for,3480
darent,2099,show,7903
daresay,2100,i,4384
dark,2101,and,320
darkened,2102,room,7433
darkfor,2103,ever,2995
darkness,2104,of,6056
darling,2105,i,4384
darlington,2106,and,320
darned,2107,round,7453
darted,2108,forward,3536
dash,2109,up,9383
dashed,2110,out,6170
dashing,2111,of,6056
data,2112,transcription,9079
datchet,2113,and,320
date,2114,contact,1774
dates,2115,would,9905
dating,2116,from,3606
daughter,2117,was,9600
daughters,2118,another,346
daunet,2119,was,9600
daunetnot,2120,ladywas,4986
daunets,2121,in,4492
dawdled,2122,not,5963
dawdling,2123,playing,6583
dawn,2124,was,9600
dawned,2125,on,6089
day,2126,and,320
daylight,2127,by,1166
days,2128,when,9709
dayshort,2129,sensible,7749
daytime,2130,because,731
dazed,2131,captain,1230
dazur,2132,and,320
dazzle,2133,the,8815
dazzling,2134,rainwashed,7014
dd,2135,fool,3468
de,2136,mnage,5656
dead,2137,and,320
deadly,2138,feeling,3263
deaf,2139,and,320
deafness,2140,makes,5363
deal,2141,more,5721
dealings,2142,with,9825
dealt,2143,with,9825
dear,2144,you,9974
dearer,2145,to,8982
dearest,2146,husband,4369
dearie,2147,listen,5200
dears,2148,yes,9959
deary,2149,me,5465
dearyou,2150,seeii,7695
death,2151,had,3972
deathdealer,2152,was,9600
deathto,2153,touch,9037
deave,2154,you,9974
debacle,2155,were,9692
debilitating,2156,tasks,8717
decayed,2157,flooring,3419
deceived,2158,in,4492
december,2159,mild,5586
decency,2160,came,1199
decent,2161,fairly,3165
decently,2162,come,1602
decide,2163,that,8810
decided,2164,to,8982
decidedly,2165,for,3480
decision,2166,of,6056
decisively,2167,come,1602
declare,2168,herself,4189
declared,2169,she,7844
declined,2170,in,4492
decoration,2171,were,9692
dedication,2172,to,8982
deductible,2173,to,8982
deductions,2174,he,4084
deed,2175,and,320
deep,2176,and,320
deepits,2177,there,8843
deeply,2178,and,320
deer,2179,hung,4361
defeated,2180,schemer,7605
defect,2181,in,4492
defection,2182,had,3972
defective,2183,adelaide,111
defects,2184,of,6056
defend,2185,himselfhadnt,4230
defer,2186,their,8820
deferred,2187,her,4163
deferring,2188,of,6056
defiant,2189,half,3983
defied,2190,the,8815
definite,2191,intention,4674
definitely,2192,estranging,2972
deflection,2193,of,6056
deformed,2194,disgraced,2442
defying,2195,it,4780
degeneracy,2196,they,8861
degenerate,2197,she,7844
degenerates,2198,he,4084
degradation,2199,and,320
degrade,2200,no,5928
degraded,2201,to,8982
degree,2202,of,6056
deity,2203,and,320
dejected,2204,farmhouse,3202
delay,2205,gertrude,3738
delayed,2206,but,1154
delegated,2207,to,8982
deleterious,2208,in,4492
deletions,2209,to,8982
deliberately,2210,as,483
deliberation,2211,and,320
delicacy,2212,of,6056
delicate,2213,and,320
delicately,2214,invalidish,4731
delicious,2215,nursing,6005
delight,2216,of,6056
delighted,2217,a,1
delightfully,2218,few,3297
delights,2219,hilary,4218
delirium,2220,delirium,2220
deliver,2221,answer,348
delivered,2222,over,6194
deliverer,2223,by,1166
delusion,2224,that,8810
delving,2225,laboriously,4966
demand,2226,a,1
demanded,2227,the,8815
demands,2228,on,6089
demeanour,2229,had,3972
demimot,2230,he,4084
demonstration,2231,but,1154
demonstrations,2232,followed,3457
demonstrative,2233,woman,9843
demure,2234,mrs,5782
denied,2235,him,4225
denomination,2236,at,530
denoting,2237,the,8815
dentist,2238,as,483
dentists,2239,chair,1323
deny,2240,and,320
departed,2241,and,320
department,2242,gertrude,3738
departmental,2243,authorities,575
departure,2244,and,320
departures,2245,in,4492
depend,2246,julia,4869
depended,2247,on,6089
depends,2248,on,6089
deplorable,2249,condition,1703
deplored,2250,and,320
deploring,2251,that,8810
deposit,2252,the,8815
deposited,2253,it,4780
depravity,2254,of,6056
deprecated,2255,nothing,5968
deprecating,2256,but,1154
deprecation,2257,was,9600
depreciation,2258,of,6056
depressed,2259,about,18
depressing,2260,but,1154
depression,2261,she,7844
dept,2262,no,5928
depth,2263,of,6056
depths,2264,of,6056
derby,2265,we,9632
derbythe,2266,rout,7456
derisively,2267,id,4385
derivative,2268,works,9881
derive,2269,from,3606
derived,2270,from,3606
descend,2271,gertrude,3738
descended,2272,and,320
descending,2273,the,8815
describe,2274,him,4225
described,2275,by,1166
desecration,2276,of,6056
deserted,2277,her,4163
deserts,2278,but,1154
deserved,2279,even,2986
desiccated,2280,heads,4091
designed,2281,to,8982
desire,2282,to,8982
desired,2283,to,8982
desirekind,2284,speedy,8216
desires,2285,are,441
desist,2286,adelaides,114
desisting,2287,so,8104
desists,2288,if,4397
desk,2289,with,9825
desolating,2290,shine,7869
despair,2291,and,320
despairing,2292,returns,7341
despatch,2293,box,1014
desperate,2294,but,1154
desperately,2295,dully,2688
desperation,2296,and,320
despiritualized,2297,body,946
despised,2298,lover,5286
despite,2299,these,8860
destroy,2300,all,247
destroyed,2301,a,1
destroyeth,2302,the,8815
destroying,2303,what,9700
destruction,2304,of,6056
destructive,2305,of,6056
desuetude,2306,low,5296
detach,2307,or,6133
detached,2308,perhaps,6433
detail,2309,the,8815
detailed,2310,selection,7713
details,2311,of,6056
detect,2312,on,6089
detective,2313,and,320
detectives,2314,at,530
deteriorated,2315,you,9974
determination,2316,to,8982
determine,2317,the,8815
determined,2318,chin,1414
deterrent,2319,masonry,5433
detest,2320,strangers,8412
detested,2321,each,2719
detritus,2322,that,8810
develop,2323,all,247
developed,2324,she,7844
developing,2325,themselves,8831
development,2326,of,6056
deviated,2327,she,7844
devil,2328,at,530
devilish,2329,attraction,560
devilmaycarishness,2330,because,731
devilry,2331,i,4384
devious,2332,here,4170
devise,2333,it,4780
devote,2334,his,4242
devoted,2335,to,8982
devotion,2336,to,8982
dew,2337,at,530
dewlap,2338,hall,3994
dexterously,2339,turned,9173
diagnosis,2340,book,967
diamondbeset,2341,pincenez,6523
diamonds,2342,you,9974
dibben,2343,a,1
dibbenthat,2344,was,9600
dicky,2345,miss,5633
dictate,2346,her,4163
did,2347,not,5963
didi,2348,do,2522
didnt,2349,know,4955
die,2350,alone,270
died,2351,she,7844
diei,2352,must,5809
dies,2353,i,4384
differed,2354,greatly,3882
difference,2355,between,826
different,2356,churches,1439
differently,2357,you,9974
difficult,2358,for,3480
difficulties,2359,but,1154
difficulty,2360,in,4492
dig,2361,me,5465
digested,2362,it,4780
digestion,2363,makes,5363
digging,2364,the,8815
diggory,2365,to,8982
diggorys,2366,got,3839
dignified,2367,lustre,5326
dignify,2368,ghosts,3750
dignity,2369,of,6056
dilated,2370,he,4084
dilatory,2371,housemaid,4329
diligently,2372,turned,9173
dim,2373,lookingglass,5261
diminished,2374,brook,1083
dimity,2375,quilt,6983
dimly,2376,apprehended,415
dimmed,2377,and,320
dimness,2378,began,758
dine,2379,with,9825
dined,2380,with,9825
dining,2381,out,6170
diningroom,2382,where,9712
diningtable,2383,and,320
dinner,2384,and,320
dinners,2385,a,1
dip,2386,of,6056
diplomacy,2387,and,320
diplomatic,2388,intensely,4672
direct,2389,contact,1774
directed,2390,at,530
directing,2391,as,483
direction,2392,as,483
directions,2393,and,320
directly,2394,after,183
directors,2395,of,6056
dirt,2396,and,320
dirty,2397,work,9873
disabuse,2398,him,4225
disagreeable,2399,and,320
disappear,2400,he,4084
disappeared,2401,and,320
disappoint,2402,you,9974
disapprobation,2403,pierced,6511
disapprove,2404,of,6056
disapproving,2405,the,8815
disapprovingly,2406,at,530
disarrayed,2407,and,320
discern,2408,the,8815
discernible,2409,at,530
disciplineto,2410,amuse,311
disclaim,2411,all,247
disclaimer,2412,or,6133
disclaimers,2413,of,6056
disclosed,2414,adelaide,111
disclosing,2415,the,8815
discomfort,2416,great,3879
discomposedagitated,2417,in,4492
disconcert,2418,ensor,2914
disconcerted,2419,but,1154
disconsolate,2420,foliage,3453
discontent,2421,furrowed,3653
discontented,2422,cow,1934
discontinue,2423,all,247
discord,2424,it,4780
discouragement,2425,painted,6253
discourse,2426,george,3733
discover,2427,a,1
discovered,2428,and,320
discovery,2429,ended,2881
discreet,2430,foreign,3498
discrepant,2431,in,4492
discretion,2432,and,320
discuss,2433,the,8815
discussed,2434,between,826
discussing,2435,such,8512
discussion,2436,obviously,6040
discussions,2437,the,8815
disdaining,2438,to,8982
disease,2439,is,4765
disengaged,2440,at,530
disgrace,2441,i,4384
disgraced,2442,by,1166
disgracefully,2443,cut,2063
disgust,2444,to,8982
disgusted,2445,florence,3423
disgusting,2446,business,1147
disgustingsomething,2447,alive,243
disgusts,2448,them,8822
dish,2449,joes,4842
disillusioning,2450,him,4225
disinclined,2451,to,8982
disjointed,2452,contractions,1800
disk,2453,or,6133
dislike,2454,her,4163
disliked,2455,the,8815
dislikedhe,2456,would,9905
dislikings,2457,and,320
dislodged,2458,the,8815
dismantled,2459,i,4384
dismay,2460,and,320
dismayed,2461,her,4163
dismissal,2462,on,6089
dismissed,2463,the,8815
dismissing,2464,their,8820
dismount,2465,he,4084
dismounted,2466,from,3606
disorder,2467,which,9719
disordered,2468,and,320
disordering,2469,form,3514
dispassionately,2470,he,4084
dispense,2471,with,9825
dispensed,2472,it,4780
dispirited,2473,to,8982
display,2474,of,6056
displayed,2475,performed,6430
displaying,2476,performing,6431
disposal,2477,of,6056
disposed,2478,of,6056
disproportionately,2479,so,8104
disquieting,2480,all,247
disregarded,2481,her,4163
disreputable,2482,cook,1836
dissected,2483,neatly,5859
dissipate,2484,he,4084
distance,2485,from,3606
distant,2486,but,1154
distempered,2487,in,4492
distinct,2488,evidence,3006
distinctly,2489,saw,7577
distinguish,2490,the,8815
distinguished,2491,a,1
distorted,2492,features,3254
distract,2493,her,4163
distracted,2494,by,1166
distracting,2495,the,8815
distress,2496,her,4163
distressed,2497,if,4397
distribute,2498,or,6133
distributed,2499,in,4492
distributing,2500,project,6842
distribution,2501,of,6056
distributor,2502,under,9247
district,2503,and,320
distrust,2504,turned,9173
distrusted,2505,her,4163
disturb,2506,her,4163
disturbance,2507,only,6102
disturbed,2508,and,320
disturbing,2509,and,320
disused,2510,shafts,7812
ditch,2511,on,6089
dived,2512,down,2583
divert,2513,the,8815
divesting,2514,herself,4189
divide,2515,my,5817
divided,2516,between,826
divil,2517,is,4765
divine,2518,children,1404
division,2519,of,6056
divorce,2520,and,320
divorced,2521,from,3606
do,2522,you,9974
doctor,2523,and,320
doctors,2524,conditions,1704
dodge,2525,of,6056
doers,2526,of,6056
does,2527,not,5963
doesdone,2528,by,1166
doesna,2529,look,5258
doesnt,2530,go,3807
doeth,2531,great,3879
dog,2532,i,4384
dogcart,2533,approached,420
doggedly,2534,passed,6331
dogll,2535,tell,8759
dogmas,2536,of,6056
dogno,2537,need,5867
dogs,2538,and,320
dogsinthemanger,2539,of,6056
dogskin,2540,gloves,3797
dogsthe,2541,best,813
doing,2542,anything,370
doings,2543,during,2694
doited,2544,old,6076
dolls,2545,house,4319
dolly,2546,dreadfully,2617
dollys,2547,sake,7528
dolour,2548,would,9905
domain,2549,and,320
domesday,2550,i,4384
domestic,2551,concerns,1691
domesticated,2552,but,1154
domiciled,2553,under,9247
dominates,2554,her,4163
domineering,2555,had,3972
don,2556,the,8815
donate,2557,international,4698
donation,2558,methods,5568
donations,2559,to,8982
done,2560,in,4492
donegetting,2561,him,4225
donors,2562,in,4492
dont,2563,you,9974
doom,2564,of,6056
doomed,2565,cursed,2052
door,2566,of,6056
doors,2567,and,320
doorstep,2568,again,187
doorstepthe,2569,eyes,3136
doorsto,2570,the,8815
doorthere,2571,were,9692
doorway,2572,and,320
dormer,2573,windows,9799
dose,2574,i,4384
dothats,2575,not,5963
double,2576,agonizing,204
doubt,2577,that,8810
doubtful,2578,compliment,1664
doubtless,2579,of,6056
doubts,2580,about,18
douche,2581,of,6056
douglass,2582,to,8982
down,2583,the,8815
downat,2584,ease,2738
downcast,2585,head,4085
downloading,2586,copying,1851
downpressed,2587,heart,4108
downstairs,2588,and,320
downwards,2589,and,320
doze,2590,off,6057
dozed,2591,off,6057
dozing,2592,opened,6110
dr,2593,graham,3849
draft,2594,into,4719
drafted,2595,off,6057
drag,2596,it,4780
dragged,2597,herself,4189
dragging,2598,down,2583
drained,2599,teacups,8735
dramatic,2600,as,483
drank,2601,although,288
draped,2602,into,4719
draperies,2603,picking,6505
drat,2604,you,9974
draught,2605,of,6056
draughts,2606,from,3606
draw,2607,a,1
drawer,2608,and,320
drawers,2609,and,320
drawing,2610,about,18
drawingroom,2611,and,320
drawingrooms,2612,knew,4942
drawn,2613,up,9383
dread,2614,of,6056
dreaded,2615,some,8149
dreadful,2616,certainties,1316
dreadfully,2617,i,4384
dreading,2618,the,8815
dream,2619,like,5153
dreama,2620,bad,638
dreamed,2621,about,18
dreamily,2622,at,530
dreaming,2623,do,2522
dreams,2624,i,4384
dreamy,2625,spiritless,8232
dreariness,2626,entailed,2921
dreary,2627,abode,15
drenched,2628,blanched,883
dress,2629,and,320
dressed,2630,in,4492
dressing,2631,up,9383
dressinggown,2632,that,8810
dressingjacket,2633,this,8891
dressingroom,2634,he,4084
dressingtable,2635,drawer,2608
dressmaker,2636,printed,6800
drew,2637,the,8815
dried,2638,and,320
drifted,2639,bereft,807
drilled,2640,to,8982
drily,2641,as,483
drink,2642,to,8982
drinking,2643,and,320
dripped,2644,off,6057
dripping,2645,fat,3222
drive,2646,bordered,976
driven,2647,him,4225
driver,2648,and,320
drivethat,2649,was,9600
driving,2650,about,18
droop,2651,her,4163
drooped,2652,and,320
drooping,2653,banner,661
drop,2654,a,1
dropped,2655,her,4163
dropping,2656,from,3606
drops,2657,of,6056
drought,2658,the,8815
drove,2659,him,4225
drover,2660,who,9750
drown,2661,the,8815
drowned,2662,charles,1351
drowning,2663,of,6056
drowse,2664,but,1154
drubbed,2665,on,6089
drudge,2666,who,9750
drugs,2667,to,8982
drummed,2668,with,9825
drumming,2669,on,6089
drums,2670,she,7844
drunk,2671,but,1154
drunkards,2672,footfall,3476
drunken,2673,man,5377
drunki,2674,raced,6991
dry,2675,everything,3003
dryeyed,2676,left,5088
dtre,2677,that,8810
du,2678,cur,2039
dubiously,2679,while,9722
duckling,2680,or,6133
due,2681,correction,1873
duel,2682,waged,9544
duennashe,2683,must,5809
dug,2684,and,320
duke,2685,is,4765
dull,2686,and,320
dulling,2687,his,4242
dully,2688,but,1154
dulness,2689,again,187
dumb,2690,animal,331
dumbfounded,2691,her,4163
dunno,2692,its,4791
durham,2693,how,4334
during,2694,the,8815
dusk,2695,does,2527
dusky,2696,eyes,3136
dust,2697,and,320
duster,2698,out,6170
dustfumed,2699,air,221
dustmen,2700,ratcatchers,7036
dusty,2701,ceilings,1305
duties,2702,as,483
dutiful,2703,footsteps,3479
duty,2704,he,4084
dwarf,2705,fern,3282
dwarfactor,2706,standing,8305
dwarfed,2707,and,320
dwelling,2708,to,8982
dwelt,2709,on,6089
dwindled,2710,so,8104
dye,2711,mean,5472
dyed,2712,moustache,5772
dying,2713,of,6056
dynasty,2714,on,6089
dyou,2715,mean,5472
dysart,2716,who,9750
dysarts,2717,dog,2532
dysartsi,2718,know,4955
each,2719,other,6160
eager,2720,but,1154
eagerly,2721,again,187
eagerness,2722,exclaiming,3044
eagle,2723,of,6056
ear,2724,of,6056
earlier,2725,in,4492
early,2726,dinner,2384
earn,2727,for,3480
earnest,2728,i,4384
earnestly,2729,god,3811
earnestness,2730,unexpected,9282
earning,2731,good,3826
ears,2732,for,3480
earth,2733,had,3972
earthenware,2734,pan,6267
earthly,2735,good,3826
earths,2736,after,183
earthwithout,2737,a,1
ease,2738,and,320
eased,2739,by,1166
easily,2740,and,320
easilybored,2741,woman,9843
east,2742,bank,660
easterly,2743,direction,2392
eastern,2744,portion,6659
easy,2745,for,3480
easygoing,2746,acceptance,44
eat,2747,a,1
eatables,2748,that,8810
eaten,2749,and,320
eating,2750,a,1
eatthe,2751,play,6580
eaudecologne,2752,or,6133
ebbing,2753,out,6170
ebony,2754,stick,8348
ebook,2755,is,4765
ebooks,2756,and,320
ebury,2757,street,8428
eccentricity,2758,there,8843
echo,2759,with,9825
echoed,2760,her,4163
echoes,2761,of,6056
economically,2762,dont,2563
economics,2763,the,8815
economy,2764,and,320
edge,2765,of,6056
edges,2766,of,6056
edging,2767,off,6057
edinburgh,2768,tidings,8943
edit,2769,it,4780
editing,2770,they,8861
edition,2771,most,5731
editions,2772,will,9781
educated,2773,he,4084
education,2774,his,4242
educational,2775,corporation,1868
educations,2776,she,7844
educative,2777,influences,4588
edward,2778,arne,460
edwarddear,2779,edward,2778
effect,2780,of,6056
effective,2781,adelaide,111
effectively,2782,divided,2516
effectually,2783,masked,5432
efficacy,2784,of,6056
efficiency,2785,commended,1616
efficient,2786,strings,8441
effort,2787,she,7844
efforts,2788,to,8982
effulgence,2789,was,9600
eg,2790,farmhousefarmhouse,3203
egeria,2791,his,4242
eggs,2792,but,1154
egregious,2793,infant,4581
egress,2794,by,1166
egypt,2795,and,320
egyptian,2796,and,320
eh,2797,said,7521
eight,2798,steps,8342
eighteen,2799,by,1166
eighton,2800,principle,6797
eighty,2801,bedridden,743
eightytwo,2802,and,320
ein,2803,or,6133
either,2804,i,4384
eitherthough,2805,joe,4840
ejaculated,2806,the,8815
elaborate,2807,building,1118
elapse,2808,he,4084
elapsed,2809,before,754
elastic,2810,although,288
elbow,2811,and,320
elbows,2812,on,6089
elder,2813,woman,9843
elders,2814,and,320
eldest,2815,child,1395
elect,2816,to,8982
electronic,2817,works,9881
electronically,2818,in,4492
elegant,2819,discussion,2436
elemental,2820,passions,6339
eleven,2821,and,320
elf,2822,locks,5237
eliciting,2823,any,366
elizabeth,2824,the,8815
elizabethan,2825,part,6308
ellipsis,2826,for,3480
elm,2827,trees,9108
elmtree,2828,its,4791
elmtrees,2829,adelaide,111
eloquent,2830,speech,8215
else,2831,to,8982
elses,2832,house,4319
elusive,2833,thing,8872
elvet,2834,pit,6536
em,2835,aloneto,273
emaciated,2836,corridors,1878
email,2837,contact,1774
embankment,2838,about,18
embarrassing,2839,folds,3452
embattled,2840,farmhouse,3202
embedded,2841,quartz,6966
embitter,2842,a,1
embittered,2843,in,4492
embodied,2844,the,8815
embodiment,2845,of,6056
embrace,2846,and,320
embracing,2847,the,8815
embrasure,2848,and,320
embrasures,2849,formed,3520
emerged,2850,into,4719
emerging,2851,from,3606
emeric,2852,favarger,3238
eminent,2853,practitioners,6706
emotion,2854,adelaide,111
emotional,2855,crisis,1987
emotions,2856,raised,7017
emphasis,2857,of,6056
emphasized,2858,the,8815
empire,2859,mirror,5621
employ,2860,another,346
employed,2861,the,8815
employee,2862,of,6056
employees,2863,expend,3080
emptinessexhaustion,2864,do,2522
empty,2865,a,1
enable,2866,her,4163
enabled,2867,her,4163
enacted,2868,in,4492
enamel,2869,but,1154
enamelled,2870,and,320
enclosed,2871,and,320
enclosure,2872,and,320
encompassing,2873,woods,9864
encourage,2874,you,9974
encouraged,2875,everard,2996
encouragements,2876,so,8104
encouraging,2877,notes,5967
encroaching,2878,circumference,1453
end,2879,of,6056
endearments,2880,and,320
ended,2881,by,1166
endlessly,2882,smoking,8077
ends,2883,of,6056
endurance,2884,is,4765
endure,2885,to,8982
endured,2886,the,8815
enemies,2887,all,247
enemy,2888,but,1154
energies,2889,and,320
enfolded,2890,her,4163
enforce,2891,attention,550
engage,2892,the,8815
engaged,2893,for,3480
engagedfor,2894,he,4084
engagement,2895,had,3972
england,2896,and,320
english,2897,law,5046
engravings,2898,but,1154
enhance,2899,her,4163
enjoined,2900,their,8820
enjoy,2901,a,1
enjoyed,2902,my,5817
enjoying,2903,herself,4189
enjoyment,2904,in,4492
enlightened,2905,men,5527
enliven,2906,the,8815
ennui,2907,the,8815
enormous,2908,garret,3692
enough,2909,to,8982
enoughif,2910,i,4384
enouncing,2911,his,4242
enraged,2912,her,4163
enslaving,2913,him,4225
ensor,2914,was,9600
ensorhas,2915,always,290
ensoris,2916,bad,638
ensors,2917,apartments,376
ensure,2918,her,4163
ensuring,2919,that,8810
entail,2920,believe,785
entailed,2921,a,1
entangled,2922,stand,8302
enter,2923,another,346
entered,2924,the,8815
entering,2925,into,4719
enters,2926,your,9990
entertain,2927,she,7844
entertained,2928,saturday,7564
entertaining,2929,of,6056
enthusiasm,2930,adelaide,111
enthusiastic,2931,john,4844
entirely,2932,everything,3003
entirety,2933,go,3807
entity,2934,providing,6892
entrain,2935,no,5928
entrance,2936,and,320
entry,2937,into,4719
entwined,2938,with,9825
enveloped,2939,the,8815
enviously,2940,at,530
equably,2941,a,1
equal,2942,distance,2485
equalled,2943,by,1166
equally,2944,intended,4669
equanimity,2945,mabel,5332
equipment,2946,including,4519
eradicate,2947,she,7844
ere,2948,old,6076
erect,2949,sheepish,7847
ermine,2950,the,8815
erotomaniac,2951,thats,8814
errand,2952,to,8982
erroneous,2953,impression,4482
error,2954,mabel,5332
errors,2955,a,1
escape,2956,said,7521
escaped,2957,a,1
especially,2958,when,9709
esq,2959,it,4780
essaying,2960,to,8982
essentially,2961,her,4163
establish,2962,herself,4189
established,2963,there,8843
establishment,2964,of,6056
establishmentthat,2965,miracle,5620
estate,2966,building,1118
estates,2967,and,320
esther,2968,graham,3849
esthercuriosity,2969,no,5928
esthers,2970,absurd,36
estrangement,2971,between,826
estranging,2972,the,8815
et,2973,pour,6692
etc,2974,have,4077
eternal,2975,feminine,3278
ether,2976,seemed,7700
ethnological,2977,societys,8119
etiquette,2978,between,826
eugenical,2979,child,1395
eugenically,2980,incorrect,4527
eugenics,2981,and,320
europe,2982,for,3480
evanescent,2983,ragged,7005
evasion,2984,many,5398
eve,2985,he,4084
even,2986,if,4397
evening,2987,she,7844
eveningi,2988,forget,3505
evenings,2989,smoke,8075
evenly,2990,bevelled,827
event,2991,of,6056
eventful,2992,night,5916
events,2993,he,4084
eventually,2994,into,4719
ever,2995,i,4384
everard,2996,had,3972
everardmr,2997,jenkynsand,4822
everards,2998,rooms,7435
everardshe,2999,tried,9120
everlasting,3000,bag,641
every,3001,one,6093
everybody,3002,else,2831
everything,3003,was,9600
everythingeverything,3004,permissible,6444
everywhere,3005,and,320
evidence,3006,against,188
evidenceit,3007,was,9600
evidencing,3008,a,1
evident,3009,to,8982
evidently,3010,been,747
evidentlysee,3011,all,247
evil,3012,spirits,8235
evildoing,3013,scraps,7636
evoke,3014,the,8815
evoked,3015,for,3480
exact,3016,like,5153
exacted,3017,her,4163
exactly,3018,with,9825
exaggerated,3019,rather,7038
exaltation,3020,of,6056
examination,3021,over,6194
examine,3022,carefully,1244
examined,3023,her,4163
examining,3024,the,8815
exceedingly,3025,brilliant,1069
excel,3026,her,4163
excelled,3027,in,4492
excellent,3028,he,4084
except,3029,by,1166
excepting,3030,for,3480
exception,3031,of,6056
exceptional,3032,women,9849
excess,3033,of,6056
excessive,3034,corporal,1867
excessively,3035,fascinating,3212
excessivesomething,3036,outrageous,6184
exchange,3037,a,1
exchanged,3038,stone,8369
excite,3039,yourself,9994
excited,3040,about,18
excitement,3041,he,4084
exciting,3042,and,320
exclaimed,3043,the,8815
exclaiming,3044,i,4384
exclamations,3045,aside,495
exclusion,3046,or,6133
excusable,3047,obeying,6016
excuse,3048,for,3480
excuseask,3049,me,5465
excused,3050,from,3606
excuses,3051,for,3480
executant,3052,his,4242
execution,3053,though,8901
executioners,3054,her,4163
exemplified,3055,in,4492
exempt,3056,status,8328
exercise,3057,of,6056
exertion,3058,slight,8039
exhausted,3059,voice,9522
exhibit,3060,their,8820
exhibiting,3061,marked,5409
exhibition,3062,of,6056
exiguous,3063,skirts,8010
existed,3064,a,1
existence,3065,at,530
existing,3066,furtively,3657
exists,3067,because,731
exit,3068,etc,2974
exordium,3069,you,9974
exotically,3070,with,9825
expanse,3071,the,8815
expatiating,3072,on,6089
expect,3073,to,8982
expectant,3074,passenger,6332
expectation,3075,of,6056
expected,3076,to,8982
expecting,3077,as,483
expediency,3078,it,4780
expedition,3079,that,8810
expend,3080,considerable,1748
expense,3081,though,8901
expenses,3082,including,4519
expensive,3083,portal,6655
experience,3084,always,290
experienced,3085,some,8149
experiences,3086,madam,5341
experiment,3087,of,6056
experiments,3088,he,4084
expert,3089,assistance,514
expiated,3090,fully,3631
explain,3091,damn,2081
explained,3092,clearly,1495
explaining,3093,clearly,1495
explanation,3094,and,320
explanations,3095,or,6133
exploreradventurer,3096,side,7936
exponents,3097,of,6056
exporting,3098,a,1
exposed,3099,at,530
expostulated,3100,alice,235
exposure,3101,and,320
express,3102,or,6133
expressed,3103,by,1166
expressing,3104,it,4780
expression,3105,of,6056
expressions,3106,of,6056
expressly,3107,given,3769
exquisite,3108,polish,6634
exquisitely,3109,adjusted,127
extend,3110,them,8822
extended,3111,to,8982
extent,3112,of,6056
exterminate,3113,me,5465
extermination,3114,set,7784
extinct,3115,now,5987
extinction,3116,she,7844
extinguished,3117,there,8843
extolled,3118,in,4492
extraordinarily,3119,goodlooking,3830
extraordinary,3120,suspension,8611
extravagant,3121,and,320
extravagantly,3122,unpractical,9339
extravaganza,3123,at,530
extreme,3124,cold,1573
extremely,3125,handsome,4008
extremis,3126,her,4163
extremity,3127,she,7844
exuberant,3128,readilyawakened,7054
exultant,3129,gleam,3785
eye,3130,as,483
eyebrows,3131,that,8810
eyed,3132,him,4225
eyeing,3133,the,8815
eyelashes,3134,the,8815
eyelids,3135,and,320
eyes,3136,were,9692
faade,3137,which,9719
face,3138,and,320
faced,3139,him,4225
faces,3140,of,6056
facetheres,3141,your,9990
facility,3142,wwwgutenbergorg,9940
facing,3143,gertrude,3738
fact,3144,that,8810
facthilary,3145,is,4765
factor,3146,in,4492
facts,3147,he,4084
factsnot,3148,lies,5133
fad,3149,said,7521
fade,3150,into,4719
faded,3151,out,6170
fads,3152,and,320
fag,3153,end,2879
fagged,3154,she,7844
fail,3155,it,4780
failed,3156,for,3480
failure,3157,ought,6164
failures,3158,she,7844
faint,3159,filmy,3327
fainted,3160,and,320
fainter,3161,more,5721
faintly,3162,bored,979
faintness,3163,she,7844
fair,3164,and,320
fairly,3165,accommodating,55
fairy,3166,listening,5204
faith,3167,in,4492
faithful,3168,and,320
faithfully,3169,enough,2909
fall,3170,in,4492
fallacies,3171,with,9825
fallen,3172,out,6170
falling,3173,back,631
false,3174,lovers,5289
falsehood,3175,but,1154
falstaff,3176,and,320
faltered,3177,through,8925
faltering,3178,tongue,9006
familiar,3179,exordium,3069
familiarity,3180,with,9825
families,3181,about,18
familiesthose,3182,that,8810
family,3183,of,6056
famous,3184,and,320
fan,3185,in,4492
fancied,3186,he,4084
fancies,3187,about,18
fanciful,3188,bars,682
fancy,3189,that,8810
fancycant,3190,dress,2629
far,3191,as,483
faraway,3192,moo,5699
farce,3193,she,7844
fare,3194,and,320
fared,3195,contemptuously,1783
farewell,3196,grant,3855
farm,3197,hands,4007
farmer,3198,i,4384
farmercould,3199,we,9632
farmers,3200,widow,9767
farmhands,3201,keeping,4891
farmhouse,3202,on,6089
farmhousefarmhouse,3203,teagowntea,8737
farming,3204,she,7844
farmyard,3205,of,6056
farseeing,3206,and,320
farsydes,3207,flour,3427
farthest,3208,corners,1864
farthing,3209,for,3480
fascinate,3210,the,8815
fascinated,3211,macheath,5335
fascinating,3212,men,5527
fascination,3213,born,982
fashed,3214,the,8815
fashion,3215,her,4163
faskynating,3216,hes,4197
fast,3217,enough,2909
fastandloose,3218,playing,6583
fastened,3219,in,4492
faster,3220,the,8815
fastnesses,3221,of,6056
fat,3222,adhering,120
fatal,3223,delay,2205
fatat,3224,thirty,8889
fate,3225,a,1
fateful,3226,reason,7072
father,3227,and,320
fatherless,3228,darling,2105
fathers,3229,direction,2392
fathom,3230,her,4163
fathoms,3231,deep,2176
fatigue,3232,and,320
fatuously,3233,waiting,9555
fault,3234,here,4170
faults,3235,that,8810
faulty,3236,young,9983
faunlike,3237,tormenting,9024
favarger,3238,was,9600
favargers,3239,acceptance,44
favour,3240,and,320
favourably,3241,phillis,6487
favoured,3242,suspended,8610
favourite,3243,colour,1594
favours,3244,to,8982
fawned,3245,on,6089
fear,3246,of,6056
feared,3247,and,320
fearful,3248,and,320
fearfully,3249,your,9990
feast,3250,of,6056
feather,3251,boa,936
feathers,3252,and,320
feature,3253,that,8810
features,3254,a,1
fed,3255,sir,7983
federal,3256,laws,5050
fee,3257,for,3480
feeble,3258,flowers,3437
feebly,3259,scouring,7629
feed,3260,him,4225
feeding,3261,and,320
feel,3262,as,483
feeling,3263,of,6056
feelings,3264,of,6056
feels,3265,it,4780
fees,3266,or,6133
feet,3267,and,320
fell,3268,on,6089
fellow,3269,was,9600
fellowactors,3270,on,6089
fellows,3271,face,3138
fellowship,3272,the,8815
fellowtraveller,3273,to,8982
fellowtravellers,3274,was,9600
felt,3275,that,8810
female,3276,but,1154
females,3277,of,6056
feminine,3278,appetites,403
femme,3279,de,2136
fend,3280,off,6057
fended,3281,off,6057
fern,3282,in,4492
ferreting,3283,and,320
ferrier,3284,came,1199
fervently,3285,when,9709
fervour,3286,on,6089
festering,3287,powdering,6696
fetch,3288,the,8815
fetched,3289,from,3606
fetching,3290,and,320
fetishes,3291,of,6056
feudal,3292,people,6409
fever,3293,he,4084
feverish,3294,intentness,4677
feverishly,3295,in,4492
feverthat,3296,heartless,4112
few,3297,minutes,5617
fewer,3298,protests,6882
feyther,3299,before,754
fiance,3300,so,8104
fibre,3301,of,6056
fiction,3302,into,4719
fiddling,3303,there,8843
fidelity,3304,his,4242
fidgeted,3305,about,18
field,3306,free,3571
fields,3307,each,2719
fiendish,3308,personal,6456
fierce,3309,selfsufficiency,7734
fiercely,3310,accepting,46
fifteen,3311,a,1
fifty,3312,ensor,2914
fight,3313,for,3480
fighter,3314,than,8804
fighting,3315,deer,2179
fights,3316,at,530
figure,3317,of,6056
figured,3318,over,6194
file,3319,of,6056
files,3320,containing,1777
fill,3321,all,247
filled,3322,his,4242
fillip,3323,than,8804
fillipgo,3324,upstairs,9392
film,3325,she,7844
films,3326,slung,8060
filmy,3327,dusk,2695
filter,3328,in,4492
filtered,3329,down,2583
filthy,3330,beastly,717
final,3331,knell,4940
finality,3332,that,8810
finally,3333,eradicate,2947
finances,3334,she,7844
financial,3335,and,320
finchale,3336,priory,6801
find,3337,out,6170
finding,3338,her,4163
finds,3339,itself,4792
fine,3340,old,6076
fined,3341,or,6133
finelyshaped,3342,foot,3475
finer,3343,demonstration,2231
fines,3344,had,3972
finger,3345,and,320
fingerends,3346,as,483
fingernails,3347,was,9600
fingers,3348,and,320
finish,3349,the,8815
finished,3350,her,4163
finishing,3351,a,1
finnicky,3352,living,5222
fire,3353,she,7844
fireplace,3354,its,4791
fireplacea,3355,bolt,956
firm,3356,at,530
firmly,3357,the,8815
first,3358,time,8957
firstclass,3359,traindeluxe,9070
firth,3360,lying,5329
fish,3361,and,320
fished,3362,out,6170
fishy,3363,eyes,3136
fist,3364,at,530
fit,3365,to,8982
fitfully,3366,adelaides,114
fitness,3367,as,483
fits,3368,last,5023
fitted,3369,after,183
fitzgerald,3370,miss,5633
five,3371,minutes,5617
fix,3372,the,8815
fixed,3373,on,6089
fixedly,3374,at,530
flagged,3375,with,9825
flagging,3376,intersecting,4706
flags,3377,that,8810
flakes,3378,of,6056
flame,3379,lurked,5324
flames,3380,dancing,2087
flanges,3381,they,8861
flannel,3382,was,9600
flap,3383,of,6056
flapping,3384,unruly,9350
flaps,3385,lank,5010
flared,3386,she,7844
flares,3387,you,9974
flaring,3388,all,247
flash,3389,and,320
flashed,3390,a,1
flask,3391,back,631
flat,3392,in,4492
flatter,3393,myself,5818
flattered,3394,by,1166
flatteredthis,3395,is,4765
flavour,3396,that,8810
flaxen,3397,hair,3979
fleeing,3398,from,3606
flesh,3399,and,320
flew,3400,down,2583
fleyed,3401,o,6007
flicked,3402,her,4163
flicker,3403,as,483
flickers,3404,of,6056
flicking,3405,a,1
flight,3406,of,6056
flights,3407,of,6056
flinching,3408,or,6133
flippantly,3409,though,8901
flirt,3410,and,320
flirtation,3411,had,3972
flirtations,3412,oh,6073
flirtatious,3413,way,9627
flirted,3414,the,8815
flirts,3415,affections,174
flitted,3416,by,1166
flood,3417,and,320
floor,3418,was,9600
flooring,3419,of,6056
floors,3420,i,4384
floorscrubbing,3421,the,8815
flopping,3422,puppy,6931
florence,3423,mardell,5402
florences,3424,and,320
florid,3425,man,5377
florists,3426,for,3480
flour,3427,wagons,9548
flourished,3428,as,483
flourishingyour,3429,husband,4369
floury,3430,arms,458
flow,3431,to,8982
flowed,3432,glumly,3802
flower,3433,ungathered,9295
flowerbegarlanded,3434,sofa,8123
flowered,3435,cardboard,1236
flowering,3436,out,6170
flowers,3437,and,320
fluffed,3438,out,6170
fluid,3439,and,320
flung,3440,herself,4189
flushed,3441,and,320
flutter,3442,early,2726
fluttered,3443,brusquely,1104
fluttering,3444,only,6102
fly,3445,gently,3732
flying,3446,like,5153
foam,3447,dropping,2656
focussed,3448,his,4242
fog,3449,of,6056
folded,3450,her,4163
folding,3451,her,4163
folds,3452,of,6056
foliage,3453,hung,4361
folk,3454,in,4492
folks,3455,has,4055
follow,3456,the,8815
followed,3457,her,4163
followers,3458,that,8810
following,3459,the,8815
follows,3460,her,4163
folly,3461,and,320
fond,3462,of,6056
fondants,3463,the,8815
fonder,3464,of,6056
fondled,3465,roger,7419
fondly,3466,he,4084
food,3467,and,320
fool,3468,i,4384
fooled,3469,about,18
foolhardy,3470,and,320
fooling,3471,with,9825
foolish,3472,of,6056
foolishly,3473,left,5088
fools,3474,she,7844
foot,3475,of,6056
footfall,3476,of,6056
footing,3477,of,6056
footlights,3478,between,826
footsteps,3479,could,1895
for,3480,the,8815
forbade,3481,her,4163
forbid,3482,him,4225
forbidding,3483,at,530
forbids,3484,me,5465
forbore,3485,to,8982
forborne,3486,to,8982
force,3487,of,6056
forced,3488,her,4163
forcedly,3489,inactive,4495
forces,3490,has,4055
forcible,3491,tones,9004
forcibly,3492,and,320
ford,3493,and,320
fords,3494,swollen,8656
forebore,3495,to,8982
foredone,3496,clerk,1500
forehead,3497,and,320
foreign,3498,doctors,2524
foreknowledge,3499,of,6056
foremost,3500,with,9825
foresee,3501,the,8815
foresees,3502,herself,4189
forestall,3503,her,4163
forge,3504,and,320
forget,3505,that,8810
forgetting,3506,everything,3003
forgive,3507,her,4163
forgiveness,3508,which,9719
forgot,3509,to,8982
forgotten,3510,all,247
fork,3511,and,320
forked,3512,tongue,9006
forlorn,3513,dejected,2204
form,3514,of,6056
formal,3515,about,18
formality,3516,but,1154
formally,3517,but,1154
format,3518,must,5809
formats,3519,credits,1971
formed,3520,a,1
former,3521,she,7844
formerly,3522,he,4084
forms,3523,of,6056
formulate,3524,his,4242
formulated,3525,and,320
forth,3526,in,4492
forthcoming,3527,experience,3084
forthwith,3528,a,1
fortified,3529,manor,5389
fortitude,3530,and,320
fortress,3531,standing,8305
fortresses,3532,the,8815
fortune,3533,a,1
forty,3534,and,320
fortyeight,3535,pounds,6691
forward,3536,and,320
forwards,3537,and,320
foster,3538,sister,7985
fosters,3539,liberty,5120
fought,3540,at,530
foulard,3541,somewhere,8158
found,3542,the,8815
foundation,3543,the,8815
foundations,3544,business,1147
founded,3545,by,1166
founder,3546,of,6056
fount,3547,of,6056
fountain,3548,in,4492
four,3549,times,8960
fourpost,3550,bed,737
fourth,3551,and,320
fowls,3552,and,320
fox,3553,had,3972
fraction,3554,of,6056
fractious,3555,its,4791
fracture,3556,of,6056
fragmentary,3557,utterances,9418
fragments,3558,of,6056
frail,3559,appletree,406
frame,3560,and,320
framed,3561,and,320
framework,3562,of,6056
framing,3563,questions,6974
france,3564,will,9781
frances,3565,the,8815
frankly,3566,bored,979
frankness,3567,fulness,3632
frantically,3568,to,8982
frantichis,3569,sullen,8542
frayed,3570,and,320
free,3571,distribution,2501
freed,3572,from,3606
freedom,3573,i,4384
freehold,3574,and,320
freely,3575,to,8982
freeze,3576,my,5817
freezing,3577,or,6133
frenzied,3578,progress,6838
frequent,3579,as,483
fresh,3580,air,221
freshen,3581,my,5817
freshly,3582,washed,9603
fretfully,3583,all,247
fretted,3584,by,1166
friend,3585,of,6056
friendly,3586,feeling,3263
friends,3587,and,320
friendship,3588,had,3972
friendships,3589,with,9825
friendshipyour,3590,intimacy,4714
fright,3591,but,1154
frighten,3592,her,4163
frightened,3593,her,4163
frightening,3594,the,8815
frightens,3595,you,9974
frightfully,3596,out,6170
frigidity,3597,put,6951
frigidly,3598,what,9700
frills,3599,then,8833
fringe,3600,covered,1926
frivolous,3601,florence,3423
fro,3602,catching,1286
frock,3603,coat,1550
frocks,3604,and,320
froggy,3605,hands,4007
from,3606,the,8815
fronds,3607,of,6056
front,3608,of,6056
frontage,3609,that,8810
frontal,3610,brass,1028
fronted,3611,the,8815
frontlet,3612,her,4163
fronts,3613,of,6056
frost,3614,had,3972
froward,3615,jealous,4818
frowned,3616,is,4765
frowning,3617,ah,212
frownor,3618,was,9600
frowsy,3619,young,9983
frozen,3620,himalayan,4226
fruition,3621,of,6056
fugitive,3622,obeyed,6015
fulfil,3623,his,4242
fulfilled,3624,her,4163
fulfilment,3625,he,4084
full,3626,of,6056
fullblooded,3627,men,5527
fullbreasted,3628,largeeyed,5017
fullest,3629,confidence,1713
fullsouled,3630,fullbreasted,3628
fully,3631,grasped,3858
fulness,3632,and,320
fulvias,3633,waist,9551
fumbled,3634,with,9825
fumbling,3635,negligently,5881
fumes,3636,of,6056
fun,3637,out,6170
funbut,3638,they,8861
function,3639,quiet,6979
functions,3640,in,4492
fund,3641,and,320
fundamental,3642,rules,7485
fundamentally,3643,goodlooking,3830
funeral,3644,and,320
funnily,3645,you,9974
funny,3646,and,320
fur,3647,cap,1216
furcloak,3648,for,3480
furiously,3649,all,247
furnished,3650,exotically,3070
furniture,3651,in,4492
furrow,3652,out,6170
furrowed,3653,a,1
furs,3654,were,9692
further,3655,and,320
furtive,3656,servants,7777
furtively,3657,at,530
fuss,3658,about,18
fussily,3659,the,8815
fussy,3660,about,18
fusty,3661,interested,4681
futile,3662,prefatory,6732
futilely,3663,altering,285
future,3664,access,47
gad,3665,i,4384
gaily,3666,to,8982
gain,3667,her,4163
gained,3668,the,8815
gainer,3669,but,1154
gainsaid,3670,she,7844
gainsay,3671,the,8815
gaiters,3672,were,9692
gallop,3673,by,1166
galloped,3674,home,4268
gallowsbird,3675,before,754
gambled,3676,too,9010
gambling,3677,fever,3293
game,3678,of,6056
games,3679,it,4780
gan,3680,awa,594
gaol,3681,a,1
gap,3682,she,7844
gape,3683,and,320
gaping,3684,chasm,1361
gaps,3685,between,826
garden,3686,path,6348
gardener,3687,could,1895
gardens,3688,fair,3164
garlic,3689,parted,6309
garment,3690,down,2583
garnished,3691,with,9825
garret,3692,held,4145
garrick,3693,used,9404
garth,3694,on,6089
gas,3695,she,7844
gash,3696,he,4084
gaslamp,3697,in,4492
gaslamps,3698,flaring,3388
gaslit,3699,doorstepthe,2569
gasped,3700,mrs,5782
gasps,3701,and,320
gasstove,3702,in,4492
gate,3703,of,6056
gatepost,3704,the,8815
gates,3705,and,320
gateway,3706,into,4719
gather,3707,quite,6984
gathered,3708,round,7453
gathering,3709,confidence,1713
gauged,3710,her,4163
gauntlet,3711,and,320
gave,3712,her,4163
gawky,3713,face,3138
gay,3714,and,320
gayer,3715,you,9974
gaze,3716,carefully,1244
gazed,3717,at,530
gehenna,3718,of,6056
general,3719,interest,4680
generally,3720,began,758
generations,3721,to,8982
generosity,3722,and,320
generous,3723,at,530
generously,3724,anxious,364
genius,3725,and,320
gentle,3726,and,320
gentleman,3727,come,1602
gentlemanliness,3728,for,3480
gentlemans,3729,fiance,3300
gentlemen,3730,hear,4102
gentlemenfoster,3731,knew,4942
gently,3732,and,320
george,3733,graham,3849
georgeunder,3734,torturethere,9030
georgian,3735,architect,435
german,3736,screens,7642
germane,3737,to,8982
gertrude,3738,says,7584
gertrudes,3739,and,320
gertrudeshe,3740,has,4055
gertrudethe,3741,cook,1836
gesture,3742,of,6056
gestures,3743,he,4084
gesturethe,3744,overcoat,6197
get,3745,her,4163
gets,3746,a,1
getting,3747,into,4719
ghastly,3748,she,7844
ghost,3749,of,6056
ghosts,3750,and,320
ghostsof,3751,spiritsthings,8236
giants,3752,they,8861
gibberish,3753,she,7844
gibed,3754,at,530
gift,3755,of,6056
giggled,3756,shall,7817
gingham,3757,that,8810
gipsy,3758,as,483
girded,3759,at,530
girdle,3760,she,7844
girdling,3761,walls,9571
girl,3762,and,320
girla,3763,very,9470
girli,3764,am,291
girls,3765,of,6056
girn,3766,and,320
girt,3767,tree,9107
give,3768,me,5465
given,3769,her,4163
gives,3770,me,5465
giving,3771,her,4163
glad,3772,to,8982
gladys,3773,the,8815
glance,3774,at,530
glanced,3775,at,530
glances,3776,at,530
glancing,3777,at,530
glare,3778,noise,5937
glared,3779,immovable,4442
glass,3780,and,320
glassed,3781,over,6194
glassy,3782,eyes,3136
glazed,3783,eyes,3136
glazing,3784,and,320
gleam,3785,an,315
gleaming,3786,doorstep,2568
gleams,3787,such,8512
gliding,3788,about,18
glimmering,3789,in,4492
glimpse,3790,of,6056
glint,3791,of,6056
glitter,3792,feverthat,3296
gloating,3793,cruelties,2013
glooms,3794,of,6056
gloomy,3795,drops,2657
glorying,3796,in,4492
gloves,3797,on,6089
glow,3798,of,6056
glowed,3799,in,4492
glowing,3800,purples,6938
glued,3801,to,8982
glumly,3802,over,6194
gnarled,3803,illconditioned,4409
gnawing,3804,flame,3379
gnaws,3805,and,320
gnomelike,3806,skinny,8005
go,3807,and,320
goals,3808,and,320
gobut,3809,it,4780
goby,3810,you,9974
god,3811,my,5817
goddess,3812,his,4242
godfather,3813,to,8982
godfearing,3814,painstaking,6251
godparent,3815,and,320
gods,3816,sake,7528
goes,3817,about,18
going,3818,to,8982
gold,3819,really,7068
golden,3820,hair,3979
goldnet,3821,reticule,7328
golf,3822,and,320
gone,3823,to,8982
gonegonekilled,3824,out,6170
goneril,3825,and,320
good,3826,deal,2141
goodbye,3827,as,483
goodhumoured,3828,and,320
goodhumouredly,3829,astral,527
goodlooking,3830,as,483
goodmorning,3831,to,8982
goodnatured,3832,roysterers,7465
goodness,3833,sake,7528
goodnight,3834,to,8982
goodnights,3835,then,8833
goods,3836,till,8952
gossip,3837,and,320
gossiping,3838,and,320
got,3839,a,1
gotten,3840,back,631
gourmet,3841,he,4084
govern,3842,wealth,9640
governor,3843,he,4084
gown,3844,do,2522
grace,3845,of,6056
graceless,3846,oppressive,6131
gracious,3847,regard,7146
graduallyhe,3848,never,5904
graham,3849,i,4384
grahams,3850,doubts,2580
grand,3851,training,9072
grandfather,3852,now,5987
grandfeyther,3853,allus,265
grandmother,3854,had,3972
grant,3855,me,5465
granted,3856,he,4084
grapes,3857,and,320
grasped,3858,and,320
grasps,3859,a,1
grass,3860,by,1166
grasses,3861,that,8810
grassgrown,3862,courtyard,1922
grated,3863,on,6089
grateful,3864,to,8982
gratefully,3865,accepted,45
gratified,3866,passion,6336
grating,3867,voice,9522
gratitude,3868,i,4384
grave,3869,as,483
gravel,3870,professionally,6828
gravely,3871,and,320
graveoh,3872,let,5107
graves,3873,and,320
gravesno,3874,need,5867
graveto,3875,smell,8068
gravy,3876,or,6133
graze,3877,his,4242
greasy,3878,blackness,877
great,3879,deal,2141
greater,3880,love,5282
greatest,3881,constraint,1768
greatly,3882,at,530
greatlysoughtafter,3883,and,320
greed,3884,had,3972
greedy,3885,husbandmen,4371
greek,3886,kings,4925
green,3887,and,320
greenwell,3888,a,1
greenwells,3889,dull,2686
greenwellwould,3890,have,4077
greet,3891,her,4163
greeting,3892,which,9719
grew,3893,accustomed,66
grey,3894,frock,3603
greygreen,3895,walls,9571
greyhaired,3896,woman,9843
greyness,3897,and,320
grief,3898,furnished,3650
griefs,3899,and,320
grieved,3900,that,8810
grim,3901,and,320
grimace,3902,as,483
grimly,3903,be,700
grinding,3904,of,6056
grinned,3905,mary,5427
grinning,3906,she,7844
grit,3907,and,320
grizzle,3908,and,320
groan,3909,he,4084
groaned,3910,aloud,276
grog,3911,and,320
groping,3912,on,6089
gross,3913,profits,6834
grossly,3914,familiar,3179
grotesque,3915,cohort,1569
ground,3916,and,320
grounds,3917,she,7844
group,3918,of,6056
groups,3919,of,6056
grove,3920,that,8810
grow,3921,familiar,3179
growing,3922,a,1
growled,3923,at,530
growlings,3924,as,483
grown,3925,a,1
grownup,3926,daughter,2117
grows,3927,let,5107
growth,3928,contravened,1806
growths,3929,and,320
grudge,3930,she,7844
gruffly,3931,get,3745
grumble,3932,if,4397
grumbled,3933,the,8815
grumbling,3934,a,1
grunt,3935,of,6056
grunted,3936,while,9722
guarantee,3937,of,6056
guarded,3938,their,8820
guardian,3939,of,6056
gudrun,3940,in,4492
guerdon,3941,gained,3668
guess,3942,these,8860
guessed,3943,when,9709
guest,3944,apart,374
guests,3945,but,1154
guidebook,3946,and,320
guided,3947,by,1166
guiltily,3948,go,3807
guilty,3949,conscience,1735
guise,3950,of,6056
gules,3951,argent,446
gulf,3952,of,6056
gulppretty,3953,widow,9767
gultie,3954,argent,446
gun,3955,kill,4910
gunpowder,3956,plotin,6601
guns,3957,however,4335
gurgle,3958,the,8815
gurgling,3959,noises,5939
gusts,3960,each,2719
gutenberg,3961,electronic,2817
gutenbergs,3962,goals,3808
gutter,3963,at,530
guy,3964,daunets,2121
gw,3965,kelson,4893
ha,3966,ha,3966
habit,3967,of,6056
habitation,3968,walked,9563
habits,3969,i,4384
habitual,3970,the,8815
habitually,3971,adapted,100
had,3972,been,747
hades,3973,is,4765
hadimportant,3974,to,8982
hadnt,3975,been,747
haggard,3976,eyes,3136
hail,3977,i,4384
hailed,3978,the,8815
hair,3979,and,320
hairpin,3980,her,4163
hairs,3981,on,6089
hairy,3982,beards,709
half,3983,an,315
halfamile,3984,distant,2486
halfanhour,3985,half,3983
halfanhourfive,3986,minutes,5617
halfapproved,3987,coming,1612
halfdozen,3988,desiccated,2280
halffull,3989,glass,3780
halfhour,3990,maintained,5358
halfpast,3991,eleven,2821
halfway,3992,up,9383
halfwitted,3993,go,3807
hall,3994,and,320
hallucinations,3995,it,4780
hallyou,3996,elusive,2833
halt,3997,and,320
hamlet,3998,consisting,1756
hand,3999,and,320
handdid,4000,you,9974
handed,4001,it,4780
handkercher,4002,and,320
handkerchief,4003,as,483
handle,4004,of,6056
handled,4005,her,4163
handling,4006,of,6056
hands,4007,and,320
handsome,4008,a,1
handsomely,4009,with,9825
handsomeness,4010,of,6056
handsomesized,4011,airy,225
handsthey,4012,were,9692
handthe,4013,bag,641
handy,4014,whom,9757
hang,4015,it,4780
hangdog,4016,mother,5733
hanged,4017,and,320
hangedme,4018,at,530
hanging,4019,about,18
hangings,4020,and,320
hangmans,4021,drop,2654
hannah,4022,cawthorne,1301
hannahs,4023,lime,5168
hanover,4024,his,4242
hansom,4025,driving,2650
hap,4026,him,4225
hapless,4027,branches,1025
happen,4028,to,8982
happened,4029,to,8982
happenedi,4030,had,3972
happening,4031,its,4791
happens,4032,this,8891
happier,4033,hours,4318
happily,4034,the,8815
happiness,4035,a,1
happy,4036,and,320
harbour,4037,me,5465
hard,4038,woman,9843
hardened,4039,elders,2814
harder,4040,than,8804
hardfeatured,4041,worn,9888
hardier,4042,woman,9843
hardly,4043,any,366
hardworking,4044,conscientious,1738
hardy,4045,normal,5956
harlot,4046,and,320
harm,4047,and,320
harmless,4048,from,3606
harmonies,4049,come,1602
harridan,4050,in,4492
harsh,4051,ones,6095
harshly,4052,go,3807
hart,4053,was,9600
harvest,4054,of,6056
has,4055,been,747
hasnt,4056,done,2560
haste,4057,to,8982
hastily,4058,and,320
hasty,4059,goodbye,3827
hat,4060,and,320
hatbrim,4061,in,4492
hatchet,4062,lines,5181
hate,4063,the,8815
hated,4064,her,4163
hateful,4065,object,6017
hates,4066,him,4225
hath,4067,no,5928
hating,4068,herself,4189
hats,4069,and,320
hatstand,4070,in,4492
haughtily,4071,i,4384
haughty,4072,alice,235
hauling,4073,him,4225
haunted,4074,a,1
haunting,4075,me,5465
hauteur,4076,you,9974
have,4077,been,747
havent,4078,i,4384
having,4079,been,747
hawknosed,4080,straightlipped,8402
hay,4081,while,9722
hazel,4082,copses,1849
hazy,4083,and,320
he,4084,was,9600
head,4085,and,320
headache,4086,father,3227
headdid,4087,ye,9949
headless,4088,and,320
headlong,4089,depravity,2254
headquarters,4090,i,4384
heads,4091,and,320
headstall,4092,that,8810
headstrong,4093,and,320
headthat,4094,it,4780
heal,4095,all,247
healed,4096,illhealed,4411
healing,4097,storm,8387
health,4098,and,320
healthy,4099,woman,9843
heap,4100,of,6056
heaps,4101,of,6056
hear,4102,it,4780
heard,4103,the,8815
hearers,4104,with,9825
hearing,4105,and,320
hears,4106,a,1
hearse,4107,and,320
heart,4108,of,6056
heartcynthia,4109,was,9600
hearth,4110,although,288
heartily,4111,business,1147
heartless,4112,as,483
heartlessness,4113,and,320
heartrending,4114,moos,5710
hearts,4115,action,84
hearty,4116,creature,1968
heat,4117,and,320
heather,4118,which,9719
heave,4119,the,8815
heaved,4120,her,4163
heaven,4121,and,320
heavenly,4122,one,6093
heavens,4123,alice,235
heavily,4124,about,18
heavilytrimmed,4125,corsage,1881
heavy,4126,and,320
heavyfooted,4127,hating,4068
hectic,4128,mask,5431
hed,4129,have,4077
hedge,4130,ten,8770
hedgebordered,4131,in,4492
hedgeless,4132,country,1907
hedges,4133,like,5153
heed,4134,her,4163
heeded,4135,its,4791
heedless,4136,and,320
heels,4137,i,4384
heelsand,4138,wondered,9857
heelsor,4139,the,8815
height,4140,he,4084
heinemann,4141,copyright,1852
heir,4142,was,9600
heiresses,4143,of,6056
heirs,4144,and,320
held,4145,her,4163
hell,4146,come,1602
help,4147,it,4780
helped,4148,her,4163
helping,4149,of,6056
helpless,4150,child,1395
helplessly,4151,but,1154
helplessness,4152,overcome,6198
helpmate,4153,i,4384
helps,4154,me,5465
hem,4155,of,6056
hemisphere,4156,that,8810
hemmed,4157,in,4492
hemp,4158,could,1895
hence,4159,on,6089
henceforth,4160,enjoy,2901
henhouse,4161,and,320
hens,4162,fluttered,3443
her,4163,and,320
herand,4164,the,8815
herat,4165,the,8815
herbage,4166,that,8810
herbut,4167,ill,4406
herby,4168,inches,4510
hercomes,4169,to,8982
here,4170,and,320
herehe,4171,put,6951
hereits,4172,not,5963
herenearly,4173,my,5817
hereno,4174,im,4426
herepleasant,4175,as,483
heres,4176,mr,5781
herewith,4177,a,1
herin,4178,his,4242
herit,4179,really,7068
hernot,4180,even,2986
hero,4181,of,6056
herod,4182,that,8810
heroics,4183,the,8815
heroine,4184,of,6056
heror,4185,i,4384
herpositively,4186,wouldnt,9907
herrelieved,4187,hershe,4193
hers,4188,and,320
herself,4189,to,8982
herselfin,4190,a,1
herselfnot,4191,muchit,5785
herselfthe,4192,yellow,9954
hershe,4193,seemed,7700
hershers,4194,only,6102
hershes,4195,the,8815
herwas,4196,always,290
hes,4197,gone,3823
hesitated,4198,she,7844
hesitating,4199,and,320
hesitation,4200,seemed,7700
heureuse,4201,with,9825
heyday,4202,and,320
hid,4203,his,4242
hidden,4204,her,4163
hide,4205,and,320
hideous,4206,expensive,3083
hideously,4207,and,320
hiding,4208,hole,4262
hidingplace,4209,in,4492
high,4210,walls,9571
higher,4211,ideal,4387
highest,4212,pitch,6537
highfields,4213,hungerford,4362
highhung,4214,dogcart,2533
highlanders,4215,king,4924
highly,4216,trained,9071
highwayman,4217,it,4780
hilary,4218,and,320
hilarymy,4219,husband,4369
hilarys,4220,devotion,2336
hilaryshe,4221,blurted,934
hill,4222,here,4170
hills,4223,sounded,8183
hillside,4224,sloping,8052
him,4225,to,8982
himalayan,4226,slope,8050
himself,4227,to,8982
himselfand,4228,i,4384
himselfat,4229,least,5074
himselfhadnt,4230,got,3839
himselfhe,4231,had,3972
himtormented,4232,i,4384
hindering,4233,my,5817
hinges,4234,as,483
hinny,4235,thoust,8909
hint,4236,about,18
hints,4237,and,320
hipped,4238,and,320
hips,4239,go,3807
hire,4240,mercy,5547
hired,4241,nurse,6000
his,4242,wife,9771
historical,4243,conscience,1735
hit,4244,once,6090
hither,4245,and,320
hm,4246,a,1
hoarded,4247,in,4492
hoarse,4248,with,9825
hoarsenobody,4249,aint,220
hob,4250,she,7844
hobbie,4251,nobles,5932
hobbled,4252,away,603
hocks,4253,turned,9173
hodges,4254,same,7543
hodgson,4255,he,4084
hodgsons,4256,cow,1934
hoist,4257,him,4225
hoisted,4258,himself,4227
hold,4259,of,6056
holder,4260,additional,106
holding,4261,his,4242
hole,4262,in,4492
holes,4263,on,6089
hollering,4264,and,320
hollo,4265,she,7844
hollows,4266,of,6056
holyrood,4267,had,3972
home,4268,and,320
homecoming,4269,for,3480
homely,4270,but,1154
homemade,4271,clothes,1527
homes,4272,i,4384
homestead,4273,to,8982
honest,4274,enough,2909
honestly,4275,believe,785
honey,4276,said,7521
honeymoon,4277,to,8982
honour,4278,and,320
honourable,4279,mrs,5782
honours,4280,used,9404
hood,4281,pushed,6947
hoods,4282,of,6056
hoofs,4283,on,6089
hook,4284,of,6056
hooked,4285,beaky,702
hooknosed,4286,man,5377
hoop,4287,in,4492
hoopstick,4288,parted,6309
hooted,4289,as,483
hope,4290,to,8982
hoped,4291,it,4780
hopednay,4292,i,4384
hopefor,4293,all,247
hopeless,4294,idiot,4392
hopelessly,4295,entangled,2922
hopelessness,4296,of,6056
hopes,4297,of,6056
hoping,4298,at,530
horny,4299,fingers,3348
horrible,4300,business,1147
horribly,4301,as,483
horriblyall,4302,this,8891
horrid,4303,day,2126
horror,4304,she,7844
horse,4305,and,320
horses,4306,and,320
hospital,4307,and,320
hospitality,4308,in,4492
hospitalityhospitality,4309,of,6056
host,4310,and,320
hostess,4311,a,1
hostesscorner,4312,of,6056
hostesses,4313,asked,499
hot,4314,water,9616
hotel,4315,again,187
hounslow,4316,and,320
hour,4317,of,6056
hours,4318,and,320
house,4319,in,4492
housecat,4320,a,1
housedog,4321,and,320
househer,4322,house,4319
household,4323,economy,2764
householdthat,4324,all,247
housein,4325,adelaides,114
housekeeper,4326,and,320
housekeeping,4327,letterbag,5110
houselike,4328,every,3001
housemaid,4329,could,1895
houseplace,4330,and,320
houses,4331,that,8810
housework,4332,and,320
hout,4333,said,7521
how,4334,could,1895
however,4335,and,320
howk,4336,mary,5427
howled,4337,so,8104
howling,4338,addie,103
howls,4339,and,320
huddling,4340,lumping,5320
huffily,4341,and,320
huge,4342,neck,5865
hum,4343,your,9990
human,4344,being,779
humanitarianism,4345,grew,3893
humanity,4346,a,1
humanityit,4347,cant,1209
humanly,4348,and,320
humannot,4349,in,4492
humble,4350,and,320
humbly,4351,aside,495
humdrum,4352,and,320
humid,4353,eyes,3136
humiliating,4354,him,4225
humorously,4355,entering,2925
humour,4356,them,8822
humouring,4357,her,4163
hunched,4358,up,9383
hundred,4359,ballroom,653
hundreds,4360,of,6056
hung,4361,over,6194
hungerford,4362,and,320
hungry,4363,she,7844
hunt,4364,author,574
hunted,4365,she,7844
hurried,4366,portentous,6656
hurry,4367,no,5928
hurt,4368,and,320
husband,4369,and,320
husbandlover,4370,joe,4840
husbandmen,4371,of,6056
husbands,4372,affection,171
husbandsthey,4373,can,1201
hush,4374,became,730
hustled,4375,and,320
hut,4376,in,4492
hyde,4377,park,6301
hypertext,4378,form,3514
hypnotist,4379,to,8982
hypochondriacal,4380,imaginings,4432
hypocrisy,4381,i,4384
hysteria,4382,by,1166
hysterical,4383,after,183
i,4384,am,291
id,4385,have,4077
idea,4386,of,6056
ideal,4387,master,5437
ideals,4388,acts,93
ideas,4389,about,18
identification,4390,number,5999
identify,4391,do,2522
idiot,4392,of,6056
idiotic,4393,manservant,5391
idle,4394,question,6971
idleness,4395,to,8982
idly,4396,in,4492
if,4397,you,9974
ifaugh,4398,she,7844
ignorance,4399,of,6056
ignorant,4400,fool,3468
ignore,4401,it,4780
ignored,4402,his,4242
ii,4403,a,1
iii,4404,impelled,4452
iit,4405,was,9600
ill,4406,go,3807
illbred,4407,flirt,3410
illcleaned,4408,house,4319
illconditioned,4409,nameless,5834
illegitimate,4410,offspring,6071
illhealed,4411,and,320
illicit,4412,attachment,538
illmanaged,4413,illcleaned,4408
illness,4414,he,4084
illnessher,4415,own,6222
illnot,4416,more,5721
illnurture,4417,and,320
illregulated,4418,vigour,9485
ills,4419,and,320
illtreated,4420,a,1
illtreating,4421,your,9990
illtreats,4422,her,4163
illusage,4423,smoothed,8080
illusion,4424,oh,6073
illustration,4425,with,9825
im,4426,not,5963
image,4427,of,6056
imagination,4428,however,4335
imagine,4429,that,8810
imagined,4430,himself,4227
imagines,4431,them,8822
imaginings,4432,could,1895
imitate,4433,florence,3423
imitated,4434,her,4163
immaculate,4435,and,320
immaterial,4436,to,8982
immediate,4437,access,47
immediately,4438,below,797
immense,4439,devotion,2336
immensely,4440,and,320
imminent,4441,grinding,3904
immovable,4442,then,8833
immured,4443,to,8982
impact,4444,of,6056
impart,4445,some,8149
impartially,4446,they,8861
impasse,4447,three,8915
impassioned,4448,discourse,2426
impatience,4449,got,3839
impatiently,4450,and,320
impediment,4451,and,320
impelled,4452,by,1166
impelling,4453,force,3487
impending,4454,the,8815
imperatively,4455,as,483
imperceptible,4456,shake,7813
imperfectly,4457,drained,2599
imperious,4458,vanity,9441
imperiously,4459,barred,677
impermissible,4460,here,4170
impersonality,4461,with,9825
imperturbably,4462,through,8925
impetuously,4463,advanced,152
impetus,4464,towards,9045
impious,4465,dont,2563
implied,4466,in,4492
implies,4467,the,8815
implored,4468,esther,2968
imploringly,4469,to,8982
importance,4470,to,8982
important,4471,engagement,2895
importuned,4472,her,4163
imposed,4473,by,1166
impossibility,4474,of,6056
impossible,4475,to,8982
impotence,4476,something,8153
impotent,4477,housemaid,4329
impoverished,4478,their,8820
impregnability,4479,left,5088
impress,4480,if,4397
impressed,4481,themselves,8831
impression,4482,under,9247
imprisoned,4483,because,731
impromptu,4484,invitation,4741
improve,4485,it,4780
improved,4486,her,4163
improvised,4487,folds,3452
impulse,4488,which,9719
impulses,4489,and,320
impulsively,4490,upstairs,9392
imputation,4491,on,6089
in,4492,the,8815
inaccessible,4493,mountain,5760
inaccurate,4494,or,6133
inactive,4495,companion,1636
inand,4496,then,8833
inane,4497,piece,6508
inanely,4498,replied,7246
inappropriate,4499,remarks,7204
inartistic,4500,tones,9004
inattention,4501,in,4492
inattentive,4502,to,8982
inattentively,4503,deary,2149
inaudible,4504,goodnights,3835
inaudibly,4505,i,4384
inaugurated,4506,himself,4227
incapable,4507,of,6056
incessantly,4508,for,3480
inch,4509,of,6056
inches,4510,by,1166
incident,4511,he,4084
incidental,4512,damages,2077
incidentally,4513,carrying,1266
inclination,4514,to,8982
inclined,4515,to,8982
include,4516,the,8815
included,4517,with,9825
includes,4518,information,4591
including,4519,legal,5093
incoherent,4520,such,8512
incoming,4521,patientsmany,6357
incommensurate,4522,with,9825
incomplete,4523,inaccurate,4494
inconsistencies,4524,eg,2790
inconsistency,4525,of,6056
inconvenience,4526,you,9974
incorrect,4527,could,1895
incorruption,4528,dust,2697
increased,4529,her,4163
increasing,4530,the,8815
incredulous,4531,at,530
inculcated,4532,in,4492
incumbent,4533,stood,8377
indecency,4534,under,9247
indecent,4535,do,2522
indecision,4536,she,7844
indeed,4537,i,4384
indefinable,4538,apprehension,417
indemnify,4539,and,320
indemnity,4540,you,9974
independent,4541,of,6056
indicate,4542,that,8810
indicated,4543,she,7844
indicating,4544,his,4242
indication,4545,of,6056
indifference,4546,by,1166
indifferent,4547,and,320
indifferently,4548,from,3606
indigestible,4549,at,530
indignant,4550,the,8815
indignation,4551,that,8810
indignities,4552,to,8982
indirect,4553,consequential,1745
indirectly,4554,from,3606
indiscreet,4555,but,1154
indistinct,4556,glimmering,3789
indistinctness,4557,but,1154
indistinguishable,4558,shapes,7833
individual,4559,project,6842
individuality,4560,with,9825
individualof,4561,the,8815
indoors,4562,and,320
indubitably,4563,adelaide,111
induce,4564,me,5465
induced,4565,her,4163
inducing,4566,him,4225
inducted,4567,them,8822
indulgence,4568,of,6056
indulging,4569,already,277
industry,4570,that,8810
ineffective,4571,polly,6641
ineffectual,4572,giants,3752
ineffectually,4573,spreading,8259
inefficiency,4574,of,6056
ineligible,4575,for,3480
inevitable,4576,degradation,2199
inevitably,4577,some,8149
inexplicably,4578,he,4084
inexpressive,4579,eyes,3136
infancy,4580,appeared,399
infant,4581,begotten,767
infanthe,4582,sneeredthrough,8094
infants,4583,acoming,73
inferior,4584,food,3467
inflamed,4585,eyes,3136
inflection,4586,of,6056
influence,4587,with,9825
influences,4588,of,6056
influential,4589,member,5519
informal,4590,might,5583
information,4591,about,18
informed,4592,her,4163
infringed,4593,she,7844
infringement,4594,a,1
infringments,4595,of,6056
ingle,4596,nook,5953
ingrained,4597,dull,2686
inhabit,4598,permanently,6442
inherent,4599,in,4492
inherit,4600,i,4384
inherited,4601,together,8988
inhuman,4602,master,5437
inhumanly,4603,impossible,4475
iniquitous,4604,exclaimed,3043
initial,4605,error,2954
initiative,4606,i,4384
injured,4607,her,4163
injurious,4608,to,8982
injury,4609,and,320
ink,4610,sketch,7999
inkling,4611,of,6056
inland,4612,the,8815
inmate,4613,of,6056
inmates,4614,established,2963
inn,4615,yard,9945
inner,4616,man,5377
innkeepers,4617,daughter,2117
innocence,4618,thought,8902
innocent,4619,attempts,546
innocently,4620,diplomatic,2388
innocents,4621,he,4084
inoffensive,4622,housecat,4320
inquest,4623,i,4384
inquire,4624,after,183
inquired,4625,mrs,5782
inquiries,4626,about,18
inquiry,4627,dont,2563
insecure,4628,the,8815
inserted,4629,one,6093
inside,4630,her,4163
insignificant,4631,man,5377
insinuated,4632,with,9825
insinuating,4633,point,6619
insinuations,4634,but,1154
insisted,4635,on,6089
insistence,4636,in,4492
insolence,4637,in,4492
inspection,4638,covered,1926
inspector,4639,gw,3965
inspiration,4640,except,3029
inspire,4641,the,8815
inspired,4642,confidence,1713
instance,4643,of,6056
instant,4644,besides,812
instantaneous,4645,flicker,3403
instantly,4646,attentive,552
instead,4647,of,6056
instigated,4648,him,4225
instigator,4649,the,8815
instil,4650,into,4719
instinct,4651,a,1
instinctive,4652,and,320
instinctively,4653,as,483
instincts,4654,rebelled,7079
instruct,4655,you,9974
instructive,4656,as,483
instrument,4657,now,5987
instrumental,4658,in,4492
insufficient,4659,were,9692
insufficiently,4660,lighted,5144
insult,4661,lying,5329
insulted,4662,him,4225
insulting,4663,no,5928
intellect,4664,had,3972
intellectual,4665,property,6862
intelligence,4666,he,4084
intelligent,4667,dog,2532
intelligentand,4668,shut,7926
intended,4669,to,8982
intending,4670,passenger,6332
intense,4671,excitement,3041
intensely,4672,repugnant,7263
intent,4673,and,320
intention,4674,of,6056
intentions,4675,i,4384
intently,4676,from,3606
intentness,4677,on,6089
intercept,4678,them,8822
intercepted,4679,by,1166
interest,4680,in,4492
interested,4681,in,4492
interestedill,4682,go,3807
interesting,4683,book,967
interests,4684,and,320
interfere,4685,with,9825
interfered,4686,and,320
interior,4687,a,1
interjection,4688,and,320
interleaved,4689,with,9825
interlocked,4690,them,8822
intermarry,4691,so,8104
interminable,4692,he,4084
interminably,4693,the,8815
intermission,4694,of,6056
intermittent,4695,scraping,7634
internal,4696,pains,6250
internally,4697,felt,3275
international,4698,donations,2559
interposed,4699,the,8815
interposing,4700,and,320
interpretation,4701,of,6056
interpreted,4702,to,8982
interrogatively,4703,yes,9959
interrupt,4704,her,4163
interrupted,4705,alice,235
intersecting,4706,lines,5181
interval,4707,of,6056
intervals,4708,all,247
intervened,4709,and,320
interview,4710,in,4492
interviewed,4711,this,8891
interviews,4712,and,320
interwoven,4713,flanges,3381
intimacy,4714,it,4780
intimate,4715,friend,3585
intimated,4716,he,4084
intimately,4717,for,3480
intimation,4718,of,6056
into,4719,the,8815
intolerable,4720,no,5928
intolerably,4721,heavy,4126
intonation,4722,of,6056
intonations,4723,yes,9959
intriguing,4724,aircurrents,222
introduced,4725,his,4242
introduction,4726,of,6056
intrusive,4727,but,1154
inure,4728,her,4163
inured,4729,to,8982
invalid,4730,husband,4369
invalidish,4731,in,4492
invalidity,4732,or,6133
invaluable,4733,a,1
invented,4734,excuses,3051
invention,4735,he,4084
inventive,4736,for,3480
invest,4737,in,4492
investigate,4738,looking,5260
investigations,4739,from,3606
inviolable,4740,cellar,1307
invitation,4741,to,8982
invitations,4742,but,1154
invite,4743,and,320
invited,4744,another,346
inviting,4745,gesture,3742
involved,4746,in,4492
inwardly,4747,wondered,9857
iridescent,4748,bead,701
irish,4749,shes,7860
irksome,4750,to,8982
iron,4751,bar,663
irons,4752,in,4492
irradiated,4753,the,8815
irrelevant,4754,never,5904
irremediable,4755,degradation,2199
irrepressible,4756,moods,5701
irresponsible,4757,hilary,4218
irritability,4758,and,320
irritably,4759,you,9974
irritate,4760,her,4163
irritated,4761,ensor,2914
irritating,4762,unison,9308
irritation,4763,she,7844
irs,4764,the,8815
is,4765,a,1
isaac,4766,pleaded,6587
island,4767,on,6089
islands,4768,so,8104
isnt,4769,a,1
isplitting,4770,run,7489
israel,4771,asked,499
israelites,4772,and,320
issits,4773,about,18
issue,4774,but,1154
issued,4775,cross,1996
issues,4776,as,483
isthis,4777,your,9990
isto,4778,wonder,9856
isuppose,4779,that,8810
it,4780,was,9600
ita,4781,year,9950
italian,4782,mirror,5621
itand,4783,drove,2659
itdysartll,4784,take,8688
items,4785,of,6056
ithe,4786,cant,1209
ithis,4787,feet,3267
iti,4788,want,9580
itmy,4789,body,946
itor,4790,feel,3262
its,4791,a,1
itself,4792,in,4492
itsit,4793,downat,2584
itthat,4794,was,9600
itthey,4795,tried,9120
ityou,4796,really,7068
iv,4797,mem,5518
ive,4798,been,747
ivory,4799,crown,2006
ivoryheaded,4800,ebony,2754
iwe,4801,had,3972
iwell,4802,i,4384
iyou,4803,need,5867
j,4804,dibben,2343
jack,4805,he,4084
jacket,4806,with,9825
jacks,4807,and,320
jacobite,4808,times,8960
jagged,4809,boards,939
james,4810,the,8815
jamess,4811,a,1
jamesthat,4812,i,4384
janissary,4813,who,9750
japanese,4814,ladder,4977
jauntily,4815,i,4384
jaw,4816,lines,5181
jaws,4817,they,8861
jealous,4818,at,530
jealousy,4819,her,4163
jenks,4820,his,4242
jenkyns,4821,good,3826
jenkynsand,4822,i,4384
jerk,4823,she,7844
jerked,4824,her,4163
jerkiness,4825,a,1
jest,4826,everard,2996
jests,4827,and,320
jestshe,4828,is,4765
jesus,4829,christ,1426
jewel,4830,to,8982
jewelcase,4831,downstairs,2588
jewelencrusted,4832,watches,9613
jewelled,4833,pincenez,6523
jewellery,4834,was,9600
jewels,4835,and,320
jingling,4836,of,6056
job,4837,enough,2909
jobling,4838,at,530
jocularity,4839,he,4084
joe,4840,was,9600
joean,4841,allowance,257
joes,4842,cigarette,1445
jogging,4843,along,275
john,4844,and,320
johns,4845,eve,2985
join,4846,the,8815
joined,4847,her,4163
joint,4848,childlike,1402
joist,4849,to,8982
joke,4850,edward,2778
jollity,4851,joe,4840
jolly,4852,but,1154
joseph,4853,mardell,5402
jostling,4854,each,2719
journalistic,4855,friend,3585
journeys,4856,and,320
jove,4857,though,8901
joy,4858,and,320
joyce,4859,ill,4406
joys,4860,and,320
judas,4861,hand,3999
judge,4862,in,4492
judgment,4863,and,320
judicial,4864,and,320
jug,4865,of,6056
juggernautlike,4866,through,8925
juice,4867,soup,8185
juley,4868,one,6093
julia,4869,and,320
julias,4870,advice,161
july,4871,charred,1358
jumped,4872,about,18
jumpy,4873,all,247
juncture,4874,care,1240
jungle,4875,of,6056
junoesque,4876,female,3276
jury,4877,who,9750
just,4878,now,5987
justice,4879,she,7844
justified,4880,in,4492
justify,4881,her,4163
jutting,4882,courses,1917
juxtaposition,4883,of,6056
kate,4884,go,3807
katherine,4885,say,7579
keats,4886,had,3972
keen,4887,about,18
keener,4888,on,6089
keenly,4889,and,320
keep,4890,him,4225
keeping,4891,each,2719
keeps,4892,her,4163
kelson,4893,he,4084
ken,4894,like,5153
kennel,4895,the,8815
kensington,4896,gardens,3688
kept,4897,him,4225
kettle,4898,had,3972
kettners,4899,she,7844
key,4900,and,320
keyyou,4901,will,9781
kick,4902,me,5465
kicked,4903,away,603
kicking,4904,arent,445
kid,4905,carrying,1266
kidding,4906,us,9399
kidll,4907,not,5963
kidnapping,4908,a,1
kids,4909,hollering,4264
kill,4910,myself,5818
killed,4911,his,4242
killing,4912,a,1
kills,4913,ill,4406
kind,4914,of,6056
kinder,4915,to,8982
kindergarten,4916,classes,1484
kindhearted,4917,maid,5352
kindliness,4918,of,6056
kindly,4919,after,183
kindmerely,4920,kind,4914
kindness,4921,in,4492
kindred,4922,spirits,8235
kinds,4923,she,7844
king,4924,george,3733
kings,4925,name,5829
kinships,4926,sake,7528
kirriemuir,4927,street,8428
kiss,4928,me,5465
kissed,4929,her,4163
kisses,4930,and,320
kissing,4931,her,4163
kitchen,4932,knife,4945
kitchenmaid,4933,and,320
kite,4934,which,9719
kittens,4935,said,7521
kneaded,4936,clay,1488
knee,4937,and,320
kneeling,4938,beside,811
knees,4939,and,320
knell,4940,of,6056
knelt,4941,down,2583
knew,4942,that,8810
knewthat,4943,i,4384
knickerbockers,4944,she,7844
knife,4945,out,6170
knitted,4946,her,4163
knob,4947,of,6056
knocked,4948,about,18
knocking,4949,about,18
knockkneed,4950,pony,6643
knot,4951,it,4780
knots,4952,with,9825
knotted,4953,feverishly,3295
knotting,4954,her,4163
know,4955,what,9700
knowing,4956,that,8810
knowlaugh,4957,about,18
knowledge,4958,as,483
known,4959,as,483
knows,4960,i,4384
knowsomehow,4961,ive,4798
knuckles,4962,into,4719
kodak,4963,view,9481
la,4964,main,5357
label,4965,thus,8938
laboriously,4966,through,8925
labouring,4967,and,320
lace,4968,cap,1216
laces,4969,and,320
lack,4970,of,6056
lacked,4971,in,4492
lacking,4972,in,4492
lacklustre,4973,eyes,3136
lacquered,4974,and,320
lacy,4975,thing,8872
lad,4976,just,4878
ladder,4977,of,6056
laddie,4978,she,7844
laddies,4979,what,9700
ladies,4980,are,441
lads,4981,and,320
lady,4982,greenwell,3888
ladycynthia,4983,chenies,1382
ladyin,4984,blackmourning,876
ladys,4985,brougham,1089
ladywas,4986,tall,8699
ladywhere,4987,to,8982
laid,4988,her,4163
lain,4989,dead,2137
laleham,4990,to,8982
lamb,4991,she,7844
lame,4992,absurd,36
lamp,4993,as,483
lamplit,4994,ballrooms,654
lancet,4995,windows,9799
land,4996,of,6056
landed,4997,every,3001
landing,4998,whence,9710
landlady,4999,or,6133
landladyyour,5000,bedmaker,741
landmark,5001,over,6194
landmarks,5002,or,6133
lands,5003,castles,1279
landseer,5004,with,9825
lanes,5005,and,320
language,5006,english,2897
languid,5007,eagerness,2722
languidly,5008,ascended,485
languor,5009,now,5987
lank,5010,and,320
lantern,5011,by,1166
lap,5012,the,8815
lapel,5013,of,6056
lappeted,5014,to,8982
lappets,5015,of,6056
large,5016,and,320
largeeyed,5017,junoesque,4876
larger,5018,issues,4776
largest,5019,hats,4069
lashed,5020,my,5817
lashing,5021,being,779
lashings,5022,of,6056
last,5023,night,5916
lasted,5024,for,3480
lasthe,5025,got,3839
lastsomething,5026,must,5809
latch,5027,key,4900
latched,5028,it,4780
late,5029,as,483
lately,5030,and,320
later,5031,on,6089
laterlater,5032,preferably,6734
latest,5033,day,2126
lath,5034,and,320
lather,5035,of,6056
lathered,5036,and,320
laths,5037,and,320
latter,5038,almost,268
laugh,5039,and,320
laughed,5040,the,8815
laughedare,5041,you,9974
laughing,5042,a,1
laughingly,5043,propelling,6858
laughter,5044,that,8810
laundress,5045,whichever,9720
law,5046,in,4492
lawa,5047,law,5046
lawn,5048,beyond,833
lawpermitted,5049,aliens,240
laws,5050,of,6056
lawyer,5051,in,4492
lawyers,5052,acted,82
lay,5053,down,2583
laying,5054,his,4242
lazily,5055,and,320
lazy,5056,accents,41
lead,5057,to,8982
leading,5058,him,4225
leads,5059,him,4225
leaf,5060,had,3972
lean,5061,forward,3536
leaned,5062,forward,3536
leaning,5063,forward,3536
leanings,5064,counted,1901
leant,5065,back,631
leanto,5066,and,320
leap,5067,and,320
leaped,5068,away,603
leaping,5069,in,4492
learn,5070,from,3606
learned,5071,to,8982
learnedly,5072,on,6089
learnt,5073,his,4242
least,5074,not,5963
leastbut,5075,just,4878
leather,5076,bag,641
leathercovered,5077,chairs,1325
leave,5078,the,8815
leaves,5079,a,1
leaving,5080,her,4163
lecture,5081,and,320
lectured,5082,there,8843
lectures,5083,on,6089
led,5084,up,9383
ledge,5085,of,6056
leer,5086,horribly,4301
leered,5087,down,2583
left,5088,her,4163
lefthand,5089,side,7936
lefthanded,5090,like,5153
leg,5091,came,1199
legacy,5092,we,9632
legal,5093,fees,3266
legally,5094,required,7272
legend,5095,grows,3927
leger,5096,a,1
legs,5097,and,320
lending,5098,him,4225
length,5099,and,320
lengthy,5100,and,320
lent,5101,an,315
leopard,5102,which,9719
less,5103,of,6056
lesson,5104,learned,5071
lessons,5105,willie,9783
lest,5106,he,4084
let,5107,me,5465
lets,5108,have,4077
letter,5109,and,320
letterbag,5110,in,4492
letterbox,5111,it,4780
lettering,5112,gave,3712
letters,5113,all,247
letterso,5114,that,8810
level,5115,voice,9522
levelheaded,5116,sally,7532
liability,5117,breach,1035
liable,5118,than,8804
liar,5119,and,320
liberty,5120,cosy,1887
libraries,5121,and,320
library,5122,committee,1625
licence,5123,he,4084
license,5124,included,4517
licensed,5125,works,9881
licked,5126,her,4163
licking,5127,oh,6073
lid,5128,on,6089
lids,5129,by,1166
lie,5130,down,2583
lied,5131,to,8982
lien,5132,between,826
lies,5133,at,530
lieu,5134,of,6056
life,5135,and,320
lifecord,5136,that,8810
lifefriends,5137,they,8861
lifelong,5138,sorrow,8171
lifetime,5139,most,5731
lift,5140,a,1
lifted,5141,his,4242
lifting,5142,by,1166
light,5143,of,6056
lighted,5144,but,1154
lighten,5145,our,6167
lightened,5146,for,3480
lighting,5147,a,1
lightly,5148,draw,2607
lightlypapered,5149,spare,8195
lightning,5150,that,8810
lights,5151,and,320
likable,5152,yes,9959
like,5153,a,1
likeand,5154,you,9974
liked,5155,to,8982
likelihood,5156,of,6056
likely,5157,to,8982
likelyanything,5158,to,8982
likeness,5159,she,7844
likes,5160,to,8982
likewise,5161,he,4084
liking,5162,hilary,4218
likings,5163,and,320
lilies,5164,and,320
lilyliveredor,5165,is,4765
limb,5166,to,8982
limbo,5167,of,6056
lime,5168,and,320
limehouse,5169,and,320
limitation,5170,of,6056
limitations,5171,a,1
limited,5172,right,7384
limits,5173,of,6056
limner,5174,mr,5781
limp,5175,and,320
limpid,5176,purity,6936
limps,5177,well,9671
line,5178,of,6056
lined,5179,both,989
linen,5180,and,320
lines,5181,of,6056
linger,5182,casting,1277
lingered,5183,there,8843
lingering,5184,painstaking,6251
lining,5185,with,9825
linked,5186,him,4225
links,5187,and,320
linsey,5188,gown,3844
lintel,5189,the,8815
lintels,5190,as,483
lip,5191,and,320
lips,5192,he,4084
lipsthere,5193,was,9600
liqueurs,5194,conversations,1825
liquid,5195,broke,1078
liquor,5196,comes,1605
list,5197,of,6056
lista,5198,solecism,8135
listed,5199,where,9712
listen,5200,to,8982
listened,5201,to,8982
listener,5202,as,483
listeners,5203,i,4384
listening,5204,to,8982
listeth,5205,you,9974
listless,5206,lacklustre,4973
lists,5207,of,6056
lit,5208,only,6102
litany,5209,he,4084
literally,5210,knew,4942
literary,5211,archive,438
literature,5212,and,320
litter,5213,of,6056
little,5214,as,483
live,5215,here,4170
lived,5216,in,4492
liveit,5217,is,4765
liveliermore,5218,personal,6456
lively,5219,enough,2909
liver,5220,the,8815
lives,5221,at,530
living,5222,alone,270
livingroom,5223,she,7844
load,5224,of,6056
loaded,5225,stick,8348
loathed,5226,her,4163
loathsome,5227,did,2347
lobe,5228,of,6056
lobliebythefire,5229,stump,8473
lobster,5230,salad,7530
local,5231,country,1907
locate,5232,a,1
located,5233,in,4492
locations,5234,where,9712
lock,5235,and,320
locked,5236,door,2566
locks,5237,at,530
lodged,5238,with,9825
lodginghouse,5239,bed,737
loftroom,5240,the,8815
log,5241,never,5904
logs,5242,rested,7309
loitering,5243,about,18
london,5244,she,7844
londons,5245,cynical,2065
loneliness,5246,certainly,1315
lonely,5247,man,5377
lonelynow,5248,she,7844
lonesome,5249,naebody,5825
long,5250,as,483
longcontinued,5251,strain,8403
longed,5252,to,8982
longer,5253,he,4084
longing,5254,the,8815
longs,5255,for,3480
longsighted,5256,enough,2909
longtailed,5257,black,873
look,5258,at,530
looked,5259,at,530
looking,5260,at,530
lookingglass,5261,with,9825
looks,5262,his,4242
looped,5263,pathetically,6350
loops,5264,of,6056
loose,5265,frock,3603
loosed,5266,in,4492
loosened,5267,it,4780
lord,5268,bless,896
lordsociety,5269,to,8982
lose,5270,because,731
losing,5271,side,7936
lost,5272,in,4492
lostphilaster,5273,come,1602
lot,5274,of,6056
lots,5275,of,6056
loud,5276,clang,1472
louder,5277,there,8843
loudly,5278,as,483
lounge,5279,and,320
lounging,5280,about,18
lout,5281,that,8810
love,5282,of,6056
loved,5283,him,4225
lovei,5284,did,2347
lovely,5285,at,530
lover,5286,but,1154
lovergive,5287,him,4225
loverlike,5288,personalities,6457
lovers,5289,guerdon,3941
loverwas,5290,he,4084
loves,5291,you,9974
lovesick,5292,for,3480
lovethat,5293,is,4765
lovetroubles,5294,for,3480
loving,5295,and,320
low,5296,and,320
lowbrowed,5297,doorway,2572
lower,5298,animals,332
lowering,5299,look,5258
lowfunds,5300,and,320
lowing,5301,cows,1941
loyal,5302,and,320
loyalas,5303,women,9849
loyally,5304,concealed,1680
loyalty,5305,clustered,1543
luck,5306,and,320
luckily,5307,but,1154
lucks,5308,bad,638
lucy,5309,said,7521
luggage,5310,no,5928
lugubrious,5311,tableau,8673
luke,5312,daunet,2119
lukeor,5313,charles,1351
lukes,5314,old,6076
lukewarm,5315,to,8982
lull,5316,in,4492
lumbago,5317,or,6133
lumber,5318,but,1154
lump,5319,of,6056
lumping,5320,itself,4792
lunch,5321,or,6133
luncheon,5322,love,5282
lung,5323,is,4765
lurked,5324,there,8843
lust,5325,left,5088
lustre,5326,they,8861
luxuriantly,5327,at,530
luxury,5328,beyond,833
lying,5329,on,6089
ma,5330,bonny,965
maam,5331,i,4384
mabel,5332,greenwell,3888
mabels,5333,a,1
macbeth,5334,and,320
macheath,5335,he,4084
machine,5336,ceased,1303
machinereadable,5337,form,3514
machinery,5338,of,6056
mad,5339,and,320
mada,5340,simple,7966
madam,5341,a,1
madden,5342,me,5465
made,5343,a,1
madly,5344,and,320
madness,5345,as,483
madwoman,5346,george,3733
maggots,5347,cling,1510
magistrate,5348,and,320
magnetism,5349,had,3972
magnificent,5350,despatch,2293
mahogany,5351,diningtable,2383
maid,5352,who,9750
maiden,5353,days,2128
maids,5354,had,3972
mail,5355,the,8815
maimed,5356,and,320
main,5357,contingent,1791
maintained,5358,boldly,955
maintaining,5359,tax,8727
maintenance,5360,when,9709
majestic,5361,drive,2646
make,5362,a,1
makes,5363,me,5465
makeup,5364,of,6056
making,5365,her,4163
maladies,5366,of,6056
malady,5367,of,6056
male,5368,bone,961
males,5369,unfaltering,9285
malevolence,5370,towards,9045
malice,5371,but,1154
malicious,5372,beastand,715
malign,5373,fate,3225
maligned,5374,sally,7532
malnutrition,5375,its,4791
mammy,5376,he,4084
man,5377,in,4492
manage,5378,to,8982
managed,5379,to,8982
manager,5380,of,6056
manhe,5381,must,5809
manifestations,5382,but,1154
manifested,5383,by,1166
manipulated,5384,his,4242
manlike,5385,that,8810
manly,5386,tonesof,9005
manner,5387,was,9600
manners,5388,i,4384
manor,5389,house,4319
mans,5390,leg,5091
manservant,5391,appeared,399
mansion,5392,that,8810
mantelets,5393,of,6056
mantelpiece,5394,and,320
mantled,5395,all,247
manuvre,5396,known,4959
manuvres,5397,and,320
many,5398,a,1
map,5399,of,6056
marched,5400,on,6089
marching,5401,on,6089
mardell,5402,had,3972
mardellas,5403,it,4780
mardells,5404,face,3138
mare,5405,who,9750
margin,5406,was,9600
marjoram,5407,out,6170
mark,5408,of,6056
marked,5409,as,483
market,5410,weighton,9666
marketday,5411,in,4492
marketing,5412,in,4492
marketplace,5413,she,7844
marketplacenow,5414,then,8833
marks,5415,like,5153
marl,5416,floor,3418
marrable,5417,was,9600
marrables,5418,insinuations,4634
marred,5419,and,320
marriage,5420,and,320
married,5421,to,8982
marry,5422,him,4225
marske,5423,now,5987
marskes,5424,a,1
martin,5425,a,1
marvel,5426,this,8891
mary,5427,was,9600
maryi,5428,had,3972
marys,5429,feet,3267
maryyou,5430,only,6102
mask,5431,and,320
masked,5432,by,1166
masonry,5433,he,4084
mass,5434,of,6056
massed,5435,themselves,8831
masses,5436,of,6056
master,5437,of,6056
masterful,5438,selfassertiveness,7716
masterfulness,5439,was,9600
masterone,5440,of,6056
masterpiece,5441,of,6056
masters,5442,early,2726
mastery,5443,a,1
mat,5444,and,320
mate,5445,such,8512
material,5446,alice,235
materially,5447,satisfied,7562
maternal,5448,feeling,3263
matronly,5449,yet,9962
matted,5450,on,6089
matter,5451,of,6056
matters,5452,but,1154
matthew,5453,cooper,1843
mattress,5454,his,4242
maturity,5455,which,9719
maxima,5456,culpa,2029
maximum,5457,disclaimer,2412
may,5458,be,700
maybe,5459,all,247
mayfair,5460,or,6133
maynt,5461,creep,1973
maze,5462,just,4878
mazed,5463,then,8833
mazes,5464,lying,5329
me,5465,and,320
mea,5466,culpa,2029
mead,5467,and,320
meagre,5468,circe,1450
meal,5469,it,4780
meals,5470,and,320
mealtub,5471,close,1516
mean,5472,to,8982
meand,5473,i,4384
meanin,5474,the,8815
meaning,5475,of,6056
meanness,5476,she,7844
means,5477,of,6056
meant,5478,to,8982
meantime,5479,he,4084
meantthe,5480,end,2879
meanwhile,5481,he,4084
meanything,5482,spicy,8222
measure,5483,in,4492
measured,5484,in,4492
measurements,5485,he,4084
meat,5486,chopperto,1421
mebid,5487,your,9990
mebut,5488,theni,8836
mechanically,5489,they,8861
meddle,5490,with,9825
meddlesome,5491,fools,3474
meddling,5492,and,320
medical,5493,maam,5331
medicine,5494,was,9600
mediocre,5495,dreariness,2626
meditating,5496,on,6089
meditations,5497,he,4084
meditatively,5498,in,4492
medium,5499,a,1
medival,5500,with,9825
medivally,5501,cloaked,1514
meed,5502,of,6056
meek,5503,little,5214
meekly,5504,on,6089
meet,5505,them,8822
meeting,5506,and,320
meetings,5507,and,320
mei,5508,was,9600
melancholy,5509,stallions,8297
melancholyyou,5510,have,4077
melight,5511,and,320
mell,5512,never,5904
mellow,5513,and,320
melodramatic,5514,about,18
melt,5515,me,5465
melted,5516,away,603
melting,5517,away,603
mem,5518,to,8982
member,5519,of,6056
members,5520,of,6056
memento,5521,i,4384
memoir,5522,did,2347
memorandum,5523,entirely,2932
memorials,5524,of,6056
memory,5525,of,6056
memy,5526,pretty,6775
men,5527,and,320
menace,5528,she,7844
menaced,5529,yes,9959
menand,5530,women,9849
mended,5531,man,5377
mending,5532,and,320
mens,5533,names,5835
mensome,5534,of,6056
mental,5535,starvation,8318
mentality,5536,it,4780
mentally,5537,as,483
mention,5538,it,4780
mentioned,5539,between,826
mentioning,5540,to,8982
mentions,5541,you,9974
menu,5542,eating,2750
meonce,5543,in,4492
meor,5544,you,9974
merchantability,5545,or,6133
merciful,5546,sleep,8025
mercy,5547,defend,2185
mere,5548,matter,5451
merely,5549,a,1
meretricious,5550,style,8484
merge,5551,disjointed,2452
merged,5552,now,5987
merit,5553,one,6093
merits,5554,a,1
merrierfor,5555,him,4225
merrily,5556,and,320
merriment,5557,found,3542
mesdames,5558,i,4384
mess,5559,to,8982
message,5560,first,3358
messmate,5561,tended,8771
met,5562,her,4163
metake,5563,you,9974
meteoric,5564,court,1918
methat,5565,finished,3350
method,5566,on,6089
methodically,5567,examined,3023
methods,5568,and,320
mettled,5569,pony,6643
meweakly,5570,dreamily,2622
mewhy,5571,there,8843
mews,5572,at,530
meyou,5573,spoke,8251
michael,5574,s,7499
michaelmas,5575,weve,9698
microbe,5576,in,4492
microbes,5577,he,4084
mid,5578,stream,8425
middle,5579,of,6056
middleaged,5580,and,320
midnight,5581,do,2522
midst,5582,of,6056
might,5583,have,4077
mightiness,5584,against,188
mighty,5585,and,320
mild,5586,and,320
milder,5587,counsels,1899
mile,5588,and,320
miles,5589,away,603
milieu,5590,of,6056
military,5591,word,9869
milk,5592,alice,235
milkandwater,5593,reproof,7261
milky,5594,kneaded,4936
miller,5595,farsydes,3207
millionaire,5596,does,2527
mime,5597,could,1895
mince,5598,for,3480
minced,5599,affectedly,169
mind,5600,to,8982
minded,5601,brothers,1088
minding,5602,now,5987
mindphillisll,5603,profit,6832
minds,5604,i,4384
mine,5605,the,8815
minehes,5606,my,5817
minemy,5607,only,6102
mingle,5608,casually,1281
mingled,5609,with,9825
minimize,5610,the,8815
mining,5611,centres,1310
ministered,5612,made,5343
ministering,5613,to,8982
ministrations,5614,after,183
minor,5615,spelling,8218
minute,5616,could,1895
minutes,5617,ago,199
minutessavage,5618,agonizing,204
minx,5619,like,5153
miracle,5620,of,6056
mirror,5621,complacently,1650
misbegotten,5622,little,5214
miscarriage,5623,thats,8814
mischief,5624,he,4084
mischiefmaker,5625,if,4397
misconducted,5626,myselffunny,5819
miserable,5627,i,4384
misery,5628,and,320
misfortune,5629,she,7844
mislaid,5630,it,4780
mislay,5631,it,4780
misplaced,5632,jocularity,4839
miss,5633,walton,9575
missed,5634,in,4492
missing,5635,perhaps,6433
mission,5636,of,6056
mississippi,5637,and,320
missives,5638,printed,6800
missus,5639,i,4384
missusshes,5640,married,5421
missyou,5641,are,441
mist,5642,and,320
mistake,5643,i,4384
mister,5644,i,4384
mistletoe,5645,which,9719
mistress,5646,of,6056
mistresses,5647,of,6056
mistresss,5648,forehead,3497
mistrusted,5649,the,8815
mists,5650,the,8815
mistybut,5651,not,5963
mix,5652,my,5817
mixed,5653,up,9383
mixing,5654,they,8861
mixture,5655,of,6056
mnage,5656,and,320
moan,5657,she,7844
moaned,5658,matter,5451
moans,5659,pulled,6912
mock,5660,funeral,3644
mocked,5661,her,4163
mockmanly,5662,style,8484
mode,5663,of,6056
model,5664,husband,4369
modern,5665,construction,1769
modest,5666,of,6056
modestly,5667,then,8833
modesty,5668,might,5583
modicum,5669,of,6056
modification,5670,or,6133
modified,5671,by,1166
modify,5672,her,4163
moistened,5673,her,4163
moisture,5674,i,4384
molestation,5675,in,4492
moment,5676,he,4084
momentary,5677,contact,1774
moments,5678,of,6056
monday,5679,parties,6316
money,5680,from,3606
moneyhahi,5681,had,3972
mongrel,5682,of,6056
mongrels,5683,human,4344
monition,5684,than,8804
monitory,5685,caprice,1227
monkey,5686,does,2527
monkeyshe,5687,had,3972
monologue,5688,since,7971
monotonous,5689,uneducated,9278
monotony,5690,of,6056
monster,5691,inside,4630
monstrous,5692,impious,4465
montclair,5693,nj,5927
monte,5694,carlo,1254
month,5695,ago,199
monthlies,5696,he,4084
monthly,5697,rosebush,7443
months,5698,ago,199
moo,5699,of,6056
mood,5700,and,320
moods,5701,dont,2563
moon,5702,and,320
moonbeam,5703,shone,7887
mooning,5704,over,6194
moonlight,5705,there,8843
moonshine,5706,what,9700
moor,5707,and,320
moorland,5708,air,221
moors,5709,remained,7197
moos,5710,of,6056
mope,5711,you,9974
moral,5712,and,320
morality,5713,here,4170
morally,5714,bowed,1010
morals,5715,as,483
morbid,5716,fancies,3187
morbidis,5717,that,8810
morbidly,5718,inventive,4736
morbidnot,5719,to,8982
morbidthe,5720,malady,5367
more,5721,than,8804
morei,5722,dont,2563
moreover,5723,he,4084
morn,5724,that,8810
morning,5725,shirt,7874
morningroom,5726,she,7844
mornings,5727,before,754
morphia,5728,habit,3967
mortal,5729,illness,4414
moses,5730,stretched,8433
most,5731,interesting,4683
mostly,5732,could,1895
mother,5733,had,3972
motherand,5734,model,5664
mothered,5735,joe,4840
motherhood,5736,is,4765
mothering,5737,you,9974
motherless,5738,her,4163
motherliness,5739,too,9010
motherlove,5740,taken,8689
motherly,5741,a,1
mothers,5742,vanity,9441
mothertheres,5743,surely,8585
motherwe,5744,dont,2563
motheryes,5745,and,320
motioned,5746,her,4163
motionless,5747,her,4163
motive,5748,that,8810
motor,5749,hood,4281
motorcar,5750,when,9709
motored,5751,out,6170
motorrugs,5752,ensor,2914
motors,5753,when,9709
motorsthey,5754,seem,7699
motorveiled,5755,abetted,7
mottled,5756,red,7115
mould,5757,and,320
mouldy,5758,i,4384
mount,5759,it,4780
mountain,5760,or,6133
mounted,5761,another,346
mourned,5762,in,4492
mourner,5763,and,320
mourners,5764,and,320
mournful,5765,eyes,3136
mournfully,5766,and,320
mourning,5767,dress,2629
mourningfor,5768,she,7844
mouse,5769,gnaws,3805
mouses,5770,tail,8685
mousse,5771,the,8815
moustache,5772,and,320
mouth,5773,and,320
mouthful,5774,that,8810
move,5775,and,320
moved,5776,in,4492
movement,5777,made,5343
movements,5778,and,320
moving,5779,and,320
mow,5780,down,2583
mr,5781,ensor,2914
mrs,5782,arne,460
ms,5783,of,6056
much,5784,of,6056
muchit,5785,was,9600
mud,5786,at,530
muff,5787,and,320
muffler,5788,but,1154
mug,5789,into,4719
mugs,5790,a,1
mulcted,5791,them,8822
mule,5792,and,320
mumble,5793,the,8815
mumbled,5794,in,4492
mun,5795,just,4878
munch,5796,this,8891
murder,5797,case,1271
murdera,5798,murder,5797
murdered,5799,maryyou,5430
murderess,5800,you,9974
murderous,5801,nourishment,5983
murky,5802,shadowthridden,7810
murmur,5803,as,483
murmured,5804,in,4492
murmuring,5805,oh,6073
muscles,5806,so,8104
museum,5807,her,4163
music,5808,if,4397
must,5809,be,700
mustard,5810,and,320
muster,5811,if,4397
mustnt,5812,pay,6370
musty,5813,in,4492
mute,5814,protest,6878
muttered,5815,the,8815
mutual,5816,experience,3084
my,5817,dear,2144
myself,5818,and,320
myselffunny,5819,phraseso,6497
mysterious,5820,oracle,6134
mysteriously,5821,conscious,1739
mystery,5822,of,6056
mystic,5823,bough,997
nadir,5824,of,6056
naebody,5825,could,1895
nagging,5826,me,5465
nail,5827,for,3480
nails,5828,and,320
name,5829,i,4384
nameadelaide,5830,she,7844
named,5831,a,1
namefor,5832,the,8815
namehad,5833,to,8982
nameless,5834,had,3972
names,5835,bound,1001
nancy,5836,stay,8330
naphtha,5837,flares,3387
napkin,5838,into,4719
narrow,5839,flight,3406
narrowly,5840,dragging,2598
nasty,5841,motors,5753
nations,5842,taking,8691
natural,5843,feeling,3263
naturally,5844,as,483
nature,5845,he,4084
natures,5846,broad,1076
naught,5847,capn,1224
naughty,5848,or,6133
naw,5849,grandfeyther,3853
nay,5850,there,8843
near,5851,the,8815
nearer,5852,and,320
nearest,5853,approach,419
nearly,5854,a,1
nearness,5855,had,3972
neat,5856,and,320
neataproned,5857,maids,5354
neath,5858,as,483
neatly,5859,and,320
neatlymade,5860,gates,3705
necessaries,5861,they,8861
necessarily,5862,be,700
necessary,5863,to,8982
necessity,5864,of,6056
neck,5865,and,320
necks,5866,their,8820
need,5867,to,8982
needed,5868,to,8982
needle,5869,stood,8377
needlework,5870,towards,9045
neednt,5871,mindphillisll,5603
needs,5872,of,6056
negation,5873,oh,6073
negative,5874,to,8982
neglect,5875,and,320
neglected,5876,his,4242
neglectedof,5877,course,1916
neglecting,5878,a,1
neglects,5879,her,4163
negligence,5880,from,3606
negligently,5881,cast,1276
negligible,5882,factor,3146
neighbourhood,5883,he,4084
neighbours,5884,it,4780
neither,5885,did,2347
nephew,5886,a,1
nerve,5887,with,9825
nerveless,5888,hand,3999
nerves,5889,and,320
nervous,5890,acceptance,44
nervously,5891,around,463
nervousness,5892,a,1
nest,5893,she,7844
nestle,5894,in,4492
nestled,5895,and,320
nestling,5896,in,4492
nests,5897,in,4492
net,5898,coverlet,1929
netting,5899,warranted,9596
nettle,5900,say,7579
nettles,5901,carpeted,1257
network,5902,of,6056
neutraltinted,5903,nettles,5901
never,5904,seen,7704
nevertheless,5905,now,5987
new,5906,and,320
newfound,5907,father,3227
newly,5908,married,5421
news,5909,as,483
newsletter,5910,to,8982
newspaper,5911,again,187
next,5912,the,8815
nice,5913,little,5214
nicefor,5914,joes,4842
nigh,5915,on,6089
night,5916,and,320
nightdress,5917,and,320
nightgown,5918,and,320
nightgowns,5919,gertrude,3738
nighthis,5920,birthday,860
nightly,5921,and,320
nights,5922,exposure,3101
nightthat,5923,night,5916
nine,5924,oclock,6051
nineteen,5925,shillings,7868
nipped,5926,the,8815
nj,5927,usa,9400
no,5928,one,6093
nobbut,5929,a,1
noble,5930,calmness,1197
noblemen,5931,i,4384
nobles,5932,forge,3504
nobody,5933,ever,2995
nobodyd,5934,been,747
nod,5935,of,6056
nodded,5936,but,1154
noise,5937,of,6056
noiselessly,5938,and,320
noises,5939,in,4492
noisesuch,5940,a,1
noisily,5941,complaining,1653
noisy,5942,for,3480
nondeprecatory,5943,attitude,558
none,5944,of,6056
nonexistent,5945,another,346
nonnegligibility,5946,as,483
nonnegligible,5947,factor,3146
nonoi,5948,cant,1209
nonprofit,5949,educational,2775
nonproprietary,5950,or,6133
nonsense,5951,i,4384
noo,5952,what,9700
nook,5953,and,320
noontide,5954,and,320
nor,5955,beautiful,726
normal,5956,again,187
normally,5957,explained,3092
north,5958,churchyard,1441
norwegian,5959,midnight,5581
nose,5960,and,320
noses,5961,here,4170
nostrils,5962,and,320
not,5963,a,1
notand,5964,the,8815
note,5965,of,6056
noted,5966,its,4791
notes,5967,and,320
nothing,5968,to,8982
nothingnothing,5969,bores,981
nothingnothingworse,5970,than,8804
notice,5971,of,6056
noticebut,5972,i,4384
noticed,5973,that,8810
notices,5974,a,1
noticing,5975,it,4780
notifies,5976,you,9974
notion,5977,of,6056
notions,5978,of,6056
nottill,5979,my,5817
nought,5980,to,8982
nourish,5981,herself,4189
nourishing,5982,food,3467
nourishment,5983,happened,4029
novel,5984,the,8815
novelist,5985,for,3480
novelreading,5986,sandown,7547
now,5987,and,320
nowadays,5988,where,9712
nowbe,5989,pleasant,6589
nowhe,5990,was,9600
nowit,5991,was,9600
nowof,5992,the,8815
nowyouve,5993,seen,7704
noyesi,5994,believe,785
nudging,5995,the,8815
nugatory,5996,as,483
nuisance,5997,and,320
numb,5998,with,9825
number,5999,of,6056
nurse,6000,ferrier,3284
nursed,6001,her,4163
nurseis,6002,she,7844
nurses,6003,and,320
nursetended,6004,by,1166
nursing,6005,had,3972
nut,6006,boughs,998
o,6007,me,5465
oak,6008,and,320
oaken,6009,table,8672
oakpanelled,6010,greasy,3878
oasis,6011,of,6056
obedience,6012,to,8982
obediently,6013,a,1
obey,6014,the,8815
obeyed,6015,her,4163
obeying,6016,as,483
object,6017,to,8982
objected,6018,but,1154
objecting,6019,verbally,9463
objection,6020,to,8982
objections,6021,per,6414
objective,6022,a,1
objects,6023,and,320
oblige,6024,him,4225
obliged,6025,to,8982
obliterate,6026,her,4163
obscured,6027,its,4791
observation,6028,tensely,8785
observe,6029,carefully,1244
observed,6030,with,9825
observing,6031,her,4163
obsessed,6032,now,5987
obsolete,6033,old,6076
obstacle,6034,whatever,9701
obstinate,6035,as,483
obstinately,6036,fixed,3373
obtain,6037,a,1
obtaining,6038,a,1
obvious,6039,overwork,6216
obviously,6040,a,1
obviousshe,6041,no,5928
occasion,6042,in,4492
occasionally,6043,her,4163
occasionallythat,6044,is,4765
occasions,6045,never,5904
occupant,6046,lying,5329
occupants,6047,of,6056
occupied,6048,hand,3999
occur,6049,a,1
occurred,6050,to,8982
oclock,6051,and,320
odd,6052,affair,165
oddly,6053,enough,2909
odious,6054,husband,4369
odour,6055,of,6056
of,6056,the,8815
off,6057,the,8815
offence,6058,and,320
offend,6059,her,4163
offended,6060,by,1166
offer,6061,to,8982
offered,6062,to,8982
offers,6063,me,5465
offhandedly,6064,receiving,7089
office,6065,is,4765
officean,6066,uncommon,9232
officer,6067,and,320
officers,6068,of,6056
official,6069,page,6240
officious,6070,and,320
offspring,6071,reserve,7279
often,6072,and,320
oh,6073,i,4384
ohi,6074,know,4955
oilcloth,6075,for,3480
old,6076,man,5377
older,6077,than,8804
oldest,6078,and,320
oldfashioned,6079,courtesy,1919
oldmaidish,6080,letter,5109
oldquite,6081,mouldy,5758
oldworld,6082,squeamishness,8276
ome,6083,alone,270
omens,6084,and,320
ominous,6085,for,3480
omitted,6086,to,8982
omnibus,6087,go,3807
omnipotent,6088,gertrude,3738
on,6089,the,8815
once,6090,she,7844
oncei,6091,put,6951
onceonly,6092,once,6090
one,6093,of,6056
onei,6094,want,9580
ones,6095,it,4780
oneself,6096,or,6133
onestoried,6097,outhouse,6177
onethe,6098,old,6076
onevance,6099,or,6133
onlet,6100,me,5465
online,6101,at,530
only,6102,a,1
onlyhe,6103,is,4765
onslaught,6104,of,6056
onward,6105,she,7844
oop,6106,this,8891
opaqueseeming,6107,eyes,3136
ope,6108,so,8104
open,6109,the,8815
opened,6110,the,8815
opening,6111,a,1
openings,6112,and,320
openly,6113,and,320
opens,6114,the,8815
openwork,6115,stocking,8365
opera,6116,to,8982
operation,6117,of,6056
operations,6118,at,530
operator,6119,and,320
opined,6120,that,8810
opinion,6121,as,483
opportunities,6122,of,6056
opportunity,6123,for,3480
oppose,6124,her,4163
opposing,6125,but,1154
opposite,6126,her,4163
opposition,6127,but,1154
oppressed,6128,face,3138
oppressing,6129,appalling,386
oppression,6130,are,441
oppressive,6131,cordiality,1857
oppressively,6132,near,5851
or,6133,other,6160
oracle,6134,hanging,4019
orange,6135,grove,3920
oranges,6136,and,320
orbit,6137,in,4492
orchard,6138,and,320
orchestral,6139,heat,4117
ordeal,6140,she,7844
order,6141,to,8982
ordered,6142,the,8815
ordering,6143,a,1
orderly,6144,barks,672
orders,6145,to,8982
ordinarily,6146,quick,6976
ordinary,6147,man,5377
organized,6148,under,9247
organs,6149,left,5088
original,6150,orchestral,6139
originally,6151,it,4780
originate,6152,or,6133
originator,6153,of,6056
ornament,6154,when,9709
orphan,6155,and,320
orses,6156,cant,1209
oss,6157,wont,9861
ostler,6158,about,18
ostracism,6159,he,4084
other,6160,side,7936
otherll,6161,miss,5633
others,6162,arms,458
otherwise,6163,but,1154
ought,6164,to,8982
oughtnt,6165,to,8982
ounce,6166,of,6056
our,6167,meeting,5506
ours,6168,by,1166
ourselvesfairly,6169,bewitched,831
out,6170,of,6056
outburst,6171,how,4334
outcome,6172,of,6056
outdated,6173,equipment,2946
outdoor,6174,performance,6428
outer,6175,hall,3994
outermost,6176,rank,7029
outhouse,6177,attached,536
outi,6178,am,291
outlet,6179,for,3480
outlined,6180,under,9247
outofdate,6181,local,5231
outofthewayness,6182,and,320
outraged,6183,his,4242
outrageous,6184,course,1916
outright,6185,so,8104
outscreamingyelling,6186,i,4384
outshe,6187,missed,5634
outside,6188,the,8815
outsiders,6189,do,2522
outstretched,6190,to,8982
outstripped,6191,them,8822
outward,6192,all,247
outwardly,6193,quiet,6979
over,6194,the,8815
overarching,6195,elmtree,2828
overborne,6196,by,1166
overcoat,6197,hastily,4058
overcome,6198,by,1166
overdriven,6199,country,1907
overenergetic,6200,disordering,2469
overexcited,6201,what,9700
overhead,6202,presently,6755
overhung,6203,by,1166
overlook,6204,my,5817
overnight,6205,a,1
overpowering,6206,dignity,2369
override,6207,his,4242
overshadowed,6208,by,1166
overt,6209,acts,93
overthrow,6210,its,4791
overtrue,6211,accusation,64
overtures,6212,of,6056
overweening,6213,personality,6458
overwhelmed,6214,by,1166
overwomaned,6215,party,6325
overwork,6216,alice,235
overworked,6217,at,530
overwrought,6218,and,320
owe,6219,it,4780
owed,6220,all,247
ower,6221,hot,4314
own,6222,way,9627
owned,6223,it,4780
owner,6224,of,6056
owns,6225,a,1
oxford,6226,but,1154
oxforda,6227,good,3826
pabulum,6228,his,4242
pace,6229,that,8810
paces,6230,to,8982
pacified,6231,when,9709
pacify,6232,her,4163
pack,6233,into,4719
package,6234,to,8982
packed,6235,up,9383
packet,6236,of,6056
packingbox,6237,the,8815
padded,6238,seat,7673
paddedso,6239,i,4384
page,6240,at,530
pages,6241,for,3480
pah,6242,ejaculated,2806
paid,6243,for,3480
pail,6244,and,320
pails,6245,about,18
pain,6246,again,187
pained,6247,well,9671
painful,6248,and,320
painfully,6249,aware,602
pains,6250,be,700
painstaking,6251,manner,5387
painstakingly,6252,the,8815
painted,6253,but,1154
pair,6254,of,6056
pale,6255,and,320
paleness,6256,the,8815
paling,6257,quietly,6982
palisaded,6258,off,6057
pall,6259,love,5282
pallet,6260,and,320
palliasse,6261,again,187
pallid,6262,moonshine,5706
pallor,6263,her,4163
palm,6264,settled,7788
palpable,6265,efforts,2788
pals,6266,to,8982
pan,6267,rubbing,7471
pander,6268,to,8982
pane,6269,eight,2798
panelled,6270,with,9825
panelling,6271,was,9600
panellingit,6272,reminded,7213
panels,6273,of,6056
panes,6274,and,320
pang,6275,of,6056
pangs,6276,of,6056
panic,6277,fear,3246
paniers,6278,all,247
panther,6279,she,7844
panting,6280,rabble,6989
pantry,6281,shelf,7852
papa,6282,like,5153
paper,6283,buildings,1119
papers,6284,a,1
paperwork,6285,and,320
parade,6286,was,9600
paradisaical,6287,joy,4858
paragon,6288,doing,2542
paragraph,6289,below,797
paragraphs,6290,through,8925
parallel,6291,except,3029
parallels,6292,between,826
parapet,6293,which,9719
parcels,6294,she,7844
parched,6295,and,320
parchment,6296,she,7844
pardon,6297,said,7521
parent,6298,he,4084
parents,6299,physiological,6501
paris,6300,best,813
park,6301,on,6089
parliament,6302,why,9760
parlour,6303,tricks,9119
parlourmaid,6304,to,8982
parrishs,6305,food,3467
parson,6306,and,320
parsons,6307,boys,1018
part,6308,of,6056
parted,6309,and,320
parterre,6310,of,6056
partial,6311,forgiveness,3508
partially,6312,torn,9026
particular,6313,reason,7072
particularly,6314,important,4471
particulars,6315,of,6056
parties,6316,and,320
parting,6317,what,9700
partings,6318,mistress,5646
partitioned,6319,off,6057
partjust,6320,for,3480
partly,6321,down,2583
partner,6322,there,8843
parts,6323,of,6056
parturition,6324,and,320
party,6325,and,320
partyand,6326,they,8861
pass,6327,her,4163
passage,6328,from,3606
passages,6329,to,8982
passageway,6330,for,3480
passed,6331,out,6170
passenger,6332,and,320
passengers,6333,faded,3151
passes,6334,from,3606
passing,6335,a,1
passion,6336,had,3972
passionate,6337,and,320
passionately,6338,again,187
passions,6339,once,6090
passive,6340,through,8925
past,6341,the,8815
pastel,6342,of,6056
pat,6343,on,6089
patch,6344,on,6089
patent,6345,coffee,1565
paternal,6346,emotion,2854
paternity,6347,the,8815
path,6348,of,6056
pathetic,6349,hint,4236
pathetically,6350,in,4492
pathologically,6351,as,483
paths,6352,in,4492
patience,6353,one,6093
patiences,6354,to,8982
patient,6355,at,530
patiently,6356,and,320
patientsmany,6357,of,6056
pats,6358,and,320
pattern,6359,of,6056
patterned,6360,men,5527
pause,6361,and,320
paused,6362,and,320
pausestill,6363,ill,4406
paved,6364,with,9825
pavement,6365,pulling,6913
pavements,6366,as,483
pawing,6367,christina,1430
pawky,6368,sneer,8092
pawmarks,6369,the,8815
pay,6370,me,5465
paying,6371,any,366
payments,6372,and,320
pays,6373,a,1
peace,6374,he,4084
peachum,6375,of,6056
peacock,6376,in,4492
peaked,6377,suffering,8522
peaks,6378,and,320
pearly,6379,drops,2657
pearsons,6380,and,320
peas,6381,again,187
peccant,6382,undergarments,9250
peculiar,6383,charm,1354
pecuniarily,6384,for,3480
pecuniary,6385,backer,632
peeped,6386,in,4492
peeping,6387,through,8925
peerage,6388,lets,5108
peered,6389,hm,4246
peering,6390,as,483
peevish,6391,apprehensive,418
peevishly,6392,even,2986
peevishness,6393,her,4163
peg,6394,of,6056
peignoir,6395,gathered,3708
peignoirs,6396,and,320
pen,6397,and,320
penalty,6398,and,320
penanga,6399,creek,1972
pence,6400,i,4384
pencil,6401,at,530
pendant,6402,a,1
pending,6403,the,8815
penetrated,6404,a,1
pens,6405,and,320
pensively,6406,by,1166
pentonville,6407,theres,8854
penumbra,6408,of,6056
people,6409,who,9750
peoplean,6410,ellipsis,2826
peopleit,6411,was,9600
peoplemy,6412,fellow,3269
peoples,6413,aches,69
per,6414,se,7659
perambulators,6415,on,6089
perceive,6416,she,7844
perceptible,6417,change,1332
perception,6418,realized,7065
perch,6419,and,320
perched,6420,on,6089
peremptorily,6421,while,9722
peremptory,6422,where,9712
perfect,6423,and,320
perfection,6424,afforded,179
perfectly,6425,right,7384
perforce,6426,devoted,2335
perform,6427,distribute,2498
performance,6428,but,1154
performances,6429,and,320
performed,6430,the,8815
performing,6431,copying,1851
perfunctorily,6432,the,8815
perhaps,6433,she,7844
perhapsand,6434,you,9974
perils,6435,and,320
period,6436,after,183
periodic,6437,tax,8727
perish,6438,out,6170
perished,6439,for,3480
perishing,6440,child,1395
permanent,6441,abidingplace,11
permanently,6442,yet,9962
permeate,6443,matter,5451
permissible,6444,in,4492
permission,6445,of,6056
permit,6446,it,4780
permitted,6447,by,1166
permitting,6448,the,8815
pernicious,6449,in,4492
perpendicular,6450,sheets,7851
persisted,6451,but,1154
persistent,6452,high,4210
person,6453,or,6133
personable,6454,man,5377
personage,6455,humorously,4355
personal,6456,desires,2285
personalities,6457,about,18
personality,6458,adelaides,114
personally,6459,it,4780
persons,6460,inside,4630
perspective,6461,and,320
persuade,6462,her,4163
persuaded,6463,a,1
pert,6464,robin,7415
pertinacious,6465,she,7844
perverse,6466,fancy,3189
pestle,6467,fell,3268
pests,6468,good,3826
pet,6469,dog,2532
petition,6470,proffered,6831
petitions,6471,i,4384
petrifaction,6472,suggested,8528
pets,6473,it,4780
petted,6474,cherished,1386
petticoat,6475,her,4163
petting,6476,and,320
pettishly,6477,and,320
petty,6478,nonsense,5951
pew,6479,in,4492
pg,6480,search,7666
pglaf,6481,owns,6225
phial,6482,dr,2593
philanthropic,6483,kindness,4921
philanthropists,6484,and,320
philanthropy,6485,and,320
philippa,6486,for,3480
phillis,6487,and,320
philliss,6488,father,3227
philoprogenitive,6489,instinct,4651
philoprogenitiveness,6490,was,9600
philosophical,6491,whatever,9701
philosophy,6492,the,8815
photograph,6493,of,6056
phrase,6494,project,6842
phrased,6495,it,4780
phrases,6496,and,320
phraseso,6497,i,4384
physic,6498,bottles,994
physical,6499,medium,5499
physically,6500,and,320
physiological,6501,failure,3157
pick,6502,her,4163
picked,6503,up,9383
pickering,6504,on,6089
picking,6505,at,530
pictures,6506,and,320
picturesque,6507,indifference,4546
piece,6508,of,6056
pieces,6509,of,6056
piecetwo,6510,pieces,6509
pierced,6511,through,8925
piercing,6512,so,8104
pig,6513,up,9383
pigeonlivered,6514,sneer,8092
pigtrough,6515,she,7844
pile,6516,the,8815
piled,6517,with,9825
pillar,6518,in,4492
pillars,6519,of,6056
pillow,6520,a,1
pillowed,6521,nights,5922
pin,6522,her,4163
pincenez,6523,but,1154
pine,6524,and,320
pined,6525,and,320
pining,6526,for,3480
pink,6527,cotton,1891
pinkshaded,6528,lamp,4993
pinned,6529,to,8982
pins,6530,and,320
pipe,6531,of,6056
piped,6532,the,8815
piping,6533,dawn,2124
pips,6534,in,4492
pique,6535,temper,8762
pit,6536,shaft,7811
pitch,6537,by,1166
pitched,6538,into,4719
pitchfork,6539,at,530
piteous,6540,gaze,3716
piteously,6541,no,5928
pitied,6542,her,4163
pitiful,6543,and,320
pitifully,6544,you,9974
pitiless,6545,blueness,923
pity,6546,a,1
pityingly,6547,not,5963
placable,6548,enough,2909
placards,6549,telling,8760
placated,6550,reproachless,7259
place,6551,and,320
placed,6552,in,4492
placei,6553,saw,7577
places,6554,and,320
placethe,6555,wide,9764
placidly,6556,sensuous,7754
plague,6557,of,6056
plagued,6558,me,5465
plagues,6559,of,6056
plain,6560,vanilla,9439
plaining,6561,womans,9847
plainly,6562,outlined,6180
plainness,6563,she,7844
plaintively,6564,but,1154
plan,6565,failed,3156
plane,6566,of,6056
planks,6567,that,8810
planned,6568,or,6133
plans,6569,and,320
plantation,6570,there,8843
plaster,6571,and,320
plastron,6572,covered,1926
plate,6573,and,320
plateau,6574,of,6056
plateful,6575,of,6056
platforms,6576,or,6133
platonic,6577,manifestations,5382
platter,6578,such,8512
plausible,6579,once,6090
play,6580,the,8815
played,6581,a,1
playful,6582,savagery,7568
playing,6583,of,6056
plaza,6584,montclair,5693
plea,6585,there,8843
plead,6586,her,4163
pleaded,6587,pettishly,6477
pleadingly,6588,could,1895
pleasant,6589,but,1154
please,6590,dont,2563
pleased,6591,to,8982
pleaseplease,6592,not,5963
pleasing,6593,moment,5676
pleasingly,6594,accentuated,42
pleasurable,6595,or,6133
pleasure,6596,in,4492
pleasureloving,6597,society,8118
pleasurethat,6598,i,4384
plenty,6599,of,6056
plodded,6600,imperturbably,4462
plotin,6601,the,8815
pluck,6602,a,1
plucky,6603,automaton,579
plumb,6604,in,4492
plumbless,6605,depths,2264
plumped,6606,her,4163
plunge,6607,and,320
plunging,6608,into,4719
plus,6609,the,8815
pneumonia,6610,collapse,1581
pocket,6611,as,483
pocketbook,6612,and,320
pocketmoney,6613,gibed,3754
pockets,6614,and,320
podding,6615,for,3480
pods,6616,lazily,5055
poet,6617,i,4384
poetical,6618,minded,5601
point,6619,of,6056
pointed,6620,to,8982
pointedly,6621,addressed,109
pointing,6622,to,8982
points,6623,and,320
poised,6624,her,4163
poison,6625,had,3972
poisoning,6626,myself,5818
poisonous,6627,so,8104
poke,6628,the,8815
poker,6629,to,8982
police,6630,as,483
policedamn,6631,themhave,8826
policell,6632,get,3745
policeman,6633,probablyif,6812
polish,6634,of,6056
polished,6635,the,8815
polite,6636,acquiescence,75
politely,6637,if,4397
politeness,6638,he,4084
political,6639,and,320
politics,6640,and,320
polly,6641,and,320
pondered,6642,esther,2968
pony,6643,and,320
ponynever,6644,can,1201
ponys,6645,all,247
poor,6646,dear,2144
poorer,6647,it,4780
poorly,6648,myself,5818
poorspiritedness,6649,did,2347
popular,6650,actor,90
popularly,6651,supposed,8577
porridge,6652,too,9010
port,6653,which,9719
portable,6654,gold,3819
portal,6655,and,320
portentous,6656,but,1154
portiere,6657,from,3606
portieres,6658,the,8815
portion,6659,of,6056
portions,6660,dating,2116
portland,6661,place,6551
portrait,6662,in,4492
portraying,6663,but,1154
pose,6664,as,483
posing,6665,as,483
position,6666,of,6056
positions,6667,of,6056
positive,6668,benefit,803
positively,6669,afraid,182
possessed,6670,in,4492
possession,6671,if,4397
possessive,6672,glance,3774
possibilities,6673,of,6056
possibility,6674,of,6056
possible,6675,and,320
possibly,6676,come,1602
post,6677,his,4242
postal,6678,district,2503
postdated,6679,the,8815
posted,6680,with,9825
postern,6681,gate,3703
posthumous,6682,triumph,9128
postpone,6683,it,4780
posts,6684,where,9712
pot,6685,house,4319
potato,6686,youve,10002
potatoes,6687,for,3480
potential,6688,husbands,4372
potter,6689,slowly,8056
poultice,6690,or,6133
pounds,6691,plate,6573
pour,6692,cause,1294
poured,6693,out,6170
pout,6694,that,8810
powder,6695,before,754
powdering,6696,away,603
powdery,6697,would,9905
power,6698,of,6056
powerful,6699,man,5377
powers,6700,above,20
powerto,6701,raise,7016
practical,6702,as,483
practically,6703,and,320
practice,6704,she,7844
practised,6705,her,4163
practitioners,6706,feet,3267
prance,6707,about,18
pray,6708,for,3480
prayed,6709,and,320
prayer,6710,i,4384
prayers,6711,and,320
prayersare,6712,granted,3856
prayerswicked,6713,unreasonable,9346
prays,6714,there,8843
preachments,6715,had,3972
precaution,6716,of,6056
precautions,6717,and,320
precede,6718,her,4163
precious,6719,stones,8374
preciousat,6720,once,6090
precipitated,6721,him,4225
precise,6722,moment,5676
precisely,6723,because,731
precocious,6724,development,2326
preconceived,6725,notions,5978
predatory,6726,habit,3967
predestinations,6727,could,1895
predicted,6728,on,6089
predilections,6729,and,320
preening,6730,herself,4189
preface,6731,or,6133
prefatory,6732,questions,6974
prefer,6733,not,5963
preferably,6734,if,4397
preference,6735,for,3480
preferred,6736,because,731
prejudicialrather,6737,to,8982
premature,6738,death,2151
premeditation,6739,she,7844
premises,6740,through,8925
preoccupation,6741,with,9825
preoccupied,6742,indifferent,4547
preparations,6743,had,3972
preparatory,6744,to,8982
prepare,6745,or,6133
prepared,6746,for,3480
preparing,6747,to,8982
preponderating,6748,degree,2202
presageless,6749,as,483
presence,6750,of,6056
present,6751,state,8322
presentable,6752,specimens,8211
presentation,6753,silver,7962
presented,6754,so,8104
presently,6755,having,4079
preserve,6756,free,3571
preserved,6757,his,4242
preside,6758,at,530
presided,6759,over,6194
pressed,6760,her,4163
pressing,6761,her,4163
pressure,6762,he,4084
preston,6763,fight,3313
prestonboswell,6764,the,8815
presumably,6765,found,3542
presume,6766,further,3655
presumed,6767,to,8982
pretence,6768,did,2347
pretend,6769,to,8982
pretender,6770,at,530
pretending,6771,to,8982
prettier,6772,than,8804
prettiest,6773,picking,6505
prettily,6774,for,3480
pretty,6775,little,5214
prettyno,6776,now,5987
prevail,6777,he,4084
prevails,6778,in,4492
prevent,6779,me,5465
prevented,6780,her,4163
prevention,6781,of,6056
previous,6782,activity,89
previously,6783,engagedfor,2894
prey,6784,was,9600
pricked,6785,to,8982
pride,6786,of,6056
pried,6787,into,4719
priest,6788,she,7844
priests,6789,christinas,1431
primitive,6790,appeal,391
primitives,6791,dont,2563
primmed,6792,roger,7419
prince,6793,has,4055
princes,6794,and,320
princess,6795,yes,9959
principal,6796,room,7433
principle,6797,a,1
principles,6798,she,7844
print,6799,editions,2772
printed,6800,all,247
priory,6801,at,530
prison,6802,at,530
prisoned,6803,lowing,5301
private,6804,consumption,1772
privilegebut,6805,the,8815
privileged,6806,person,6453
prize,6807,joe,4840
prizefighter,6808,and,320
prizes,6809,the,8815
probable,6810,no,5928
probably,6811,had,3972
probablyif,6812,she,7844
probationer,6813,except,3029
problem,6814,of,6056
proceeded,6815,to,8982
processing,6816,or,6133
procured,6817,a,1
procuring,6818,you,9974
prod,6819,of,6056
produce,6820,our,6167
produced,6821,a,1
producing,6822,a,1
production,6823,promotion,6849
productive,6824,of,6056
professedly,6825,open,6109
profession,6826,by,1166
professional,6827,aspects,503
professionally,6828,concealed,1680
professions,6829,he,4084
professor,6830,michael,5574
proffered,6831,as,483
profit,6832,by,1166
profited,6833,by,1166
profits,6834,you,9974
prog,6835,i,4384
progenitor,6836,adelaides,114
progeny,6837,of,6056
progress,6838,and,320
progressed,6839,alice,235
prohibit,6840,the,8815
prohibition,6841,against,188
project,6842,gutenberg,3961
prominently,6843,displaying,2476
promise,6844,to,8982
promised,6845,me,5465
promises,6846,she,7844
promising,6847,barrister,681
promoting,6848,free,3571
promotion,6849,and,320
prompt,6850,obedience,6012
prompted,6851,by,1166
promptly,6852,renewed,7231
prone,6853,oh,6073
pronounced,6854,name,5829
pronouncement,6855,on,6089
proofread,6856,works,9881
propaganda,6857,she,7844
propelling,6858,mischief,5624
proper,6859,feelings,3264
properly,6860,and,320
properlyif,6861,you,9974
property,6862,infringement,4594
proportion,6863,by,1166
proportions,6864,of,6056
proposal,6865,and,320
propose,6866,herself,4189
proposed,6867,it,4780
propped,6868,on,6089
propping,6869,her,4163
proprietary,6870,form,3514
propriety,6871,an,315
prosaic,6872,of,6056
prostitutes,6873,die,2350
protect,6874,the,8815
protected,6875,by,1166
protecting,6876,sheepish,7847
protects,6877,me,5465
protest,6878,against,188
protestations,6879,of,6056
protested,6880,adelaide,111
protesting,6881,vehemently,9454
protests,6882,he,4084
protruded,6883,forked,3512
proud,6884,christina,1430
proudly,6885,away,603
prove,6886,her,4163
proved,6887,herself,4189
provender,6888,earlier,2725
provide,6889,a,1
provided,6890,for,3480
providence,6891,on,6089
providing,6892,access,47
province,6893,was,9600
provincial,6894,towns,9051
provision,6895,of,6056
provisions,6896,indemnity,4540
provoked,6897,a,1
provoking,6898,a,1
prudent,6899,punctilios,6920
prying,6900,about,18
psi,6901,suppose,8576
psychic,6902,but,1154
psychological,6903,study,8467
psychology,6904,with,9825
public,6905,domain,2549
publication,6906,florence,3423
pudding,6907,i,4384
pugnacious,6908,predatory,6726
puissant,6909,personality,6458
puling,6910,occupant,6046
pull,6911,the,8815
pulled,6912,the,8815
pulling,6913,at,530
pulls,6914,up,9383
pulpit,6915,whence,9710
pulse,6916,it,4780
pump,6917,and,320
pumped,6918,up,9383
punch,6919,or,6133
punctilios,6920,but,1154
punctilious,6921,slightly,8042
punctiliously,6922,on,6089
punctuality,6923,was,9600
punctuated,6924,her,4163
punish,6925,any,366
punished,6926,flesh,3399
punishment,6927,was,9600
punitive,6928,or,6133
puny,6929,child,1395
puppies,6930,or,6133
puppy,6931,he,4084
purchase,6932,outright,6185
purchasers,6933,adelaide,111
pure,6934,mind,5600
purely,6935,financial,3335
purity,6936,and,320
purple,6937,with,9825
purples,6938,and,320
purpose,6939,drowned,2662
purposely,6940,made,5343
purposes,6941,and,320
purse,6942,and,320
pursed,6943,and,320
pursued,6944,its,4791
pursuers,6945,most,5731
push,6946,him,4225
pushed,6947,open,6109
pushing,6948,a,1
pusillanimity,6949,of,6056
pusillanimous,6950,nature,5845
put,6951,her,4163
putting,6952,his,4242
puttycoloured,6953,whiteness,9747
puzzle,6954,me,5465
puzzled,6955,animals,332
puzzling,6956,capricious,1228
quaking,6957,quivering,6986
qualities,6958,and,320
quality,6959,made,5343
quantity,6960,of,6056
quarrel,6961,with,9825
quarter,6962,did,2347
quartered,6963,a,1
quarterpast,6964,eight,2798
quarters,6965,altogether,289
quartz,6966,and,320
quasimystery,6967,which,9719
queen,6968,she,7844
queens,6969,she,7844
queer,6970,things,8875
question,6971,of,6056
questioned,6972,him,4225
questioning,6973,his,4242
questions,6974,in,4492
qui,6975,vive,9517
quick,6976,and,320
quickened,6977,told,8993
quickly,6978,with,9825
quiet,6979,for,3480
quieted,6980,down,2583
quieten,6981,it,4780
quietly,6982,and,320
quilt,6983,the,8815
quite,6984,sure,8583
quivered,6985,with,9825
quivering,6986,all,247
quizzically,6987,with,9825
rabbit,6988,in,4492
rabble,6989,of,6056
race,6990,had,3972
raced,6991,home,4268
racial,6992,cloven,1532
rack,6993,beside,811
racked,6994,her,4163
rackedkept,6995,without,9833
racket,6996,her,4163
raddled,6997,at,530
radiance,6998,in,4492
radiating,6999,away,603
radius,7000,of,6056
raftered,7001,hall,3994
rafters,7002,above,20
rag,7003,about,18
rage,7004,and,320
ragged,7005,and,320
raguts,7006,of,6056
rail,7007,was,9600
railed,7008,off,6057
railway,7009,advertisements,160
rain,7010,had,3972
raindrop,7011,the,8815
rained,7012,hail,3977
rainswept,7013,stream,8425
rainwashed,7014,clarity,1476
rainy,7015,day,2126
raise,7016,her,4163
raised,7017,his,4242
raising,7018,her,4163
raison,7019,dtre,2677
rake,7020,but,1154
rallying,7021,at,530
ralph,7022,bligh,900
ramifications,7023,were,9692
ramps,7024,and,320
ran,7025,along,275
ranelagh,7026,going,3818
rang,7027,the,8815
range,7028,of,6056
rank,7029,of,6056
rap,7030,and,320
rapidity,7031,that,8810
rapt,7032,face,3138
rare,7033,fright,3591
rarely,7034,breakfasted,1042
raspishness,7035,closed,1517
ratcatchers,7036,and,320
rate,7037,i,4384
rather,7038,a,1
rationalism,7039,and,320
rattle,7040,away,603
rattling,7041,up,9383
raucous,7042,coarsely,1549
raving,7043,then,8833
raw,7044,by,1166
ray,7045,of,6056
rays,7046,across,80
rb,7047,byles,1168
reach,7048,out,6170
reached,7049,a,1
reaching,7050,after,183
read,7051,it,4780
readable,7052,by,1166
readers,7053,of,6056
readilyawakened,7054,sex,7800
readiness,7055,for,3480
reading,7056,aloud,276
reads,7057,thats,8814
ready,7058,to,8982
readymade,7059,beasts,718
real,7060,thing,8872
realistic,7061,ideals,4388
reality,7062,of,6056
realization,7063,of,6056
realize,7064,that,8810
realized,7065,that,8810
realizehow,7066,could,1895
realizes,7067,too,9010
really,7068,cant,1209
reappeared,7069,she,7844
rear,7070,premises,6740
rearrange,7071,it,4780
reason,7072,or,6133
reasonable,7073,fee,3257
reasonably,7074,she,7844
reasoned,7075,broadly,1077
reasons,7076,why,9760
reassure,7077,me,5465
reassured,7078,me,5465
rebelled,7079,against,188
rebellion,7080,daunets,2121
rebuff,7081,meekly,5504
recalcitrant,7082,arm,454
recall,7083,for,3480
recalled,7084,as,483
recapture,7085,the,8815
receipt,7086,of,6056
receive,7087,a,1
received,7088,the,8815
receiving,7089,guests,3945
recent,7090,addition,105
recently,7091,left,5088
reception,7092,of,6056
reckless,7093,of,6056
reckon,7094,it,4780
reckoned,7095,she,7844
recognition,7096,his,4242
recognized,7097,it,4780
recoiled,7098,though,8901
recoiledthen,7099,rose,7442
recollect,7100,it,4780
recollection,7101,of,6056
recollections,7102,of,6056
recomfiture,7103,and,320
recommendation,7104,in,4492
reconcile,7105,it,4780
recondite,7106,cogs,1568
reconstruct,7107,her,4163
recorded,7108,what,9700
recover,7109,you,9974
recovered,7110,and,320
recrossing,7111,the,8815
recur,7112,luckily,5307
recurrence,7113,of,6056
recusant,7114,fines,3344
red,7115,baize,647
redbrick,7116,sham,7819
redden,7117,the,8815
reddened,7118,with,9825
redgold,7119,hair,3979
redistribute,7120,this,8891
redistributing,7121,or,6133
redistribution,7122,is,4765
redmire,7123,a,1
redmireremember,7124,ithis,4787
redmireyoull,7125,pass,6327
reduced,7126,ghosts,3750
reducing,7127,the,8815
reeked,7128,of,6056
reeled,7129,yes,9959
reeling,7130,about,18
reentered,7131,the,8815
references,7132,to,8982
refined,7133,feeling,3263
reflected,7134,consolingly,1760
reflection,7135,of,6056
refraction,7136,the,8815
refracts,7137,oddly,6053
refresh,7138,the,8815
refreshed,7139,hannah,4022
refreshment,7140,i,4384
refund,7141,if,4397
refusal,7142,of,6056
refuse,7143,a,1
refused,7144,to,8982
refusing,7145,me,5465
regard,7146,to,8982
regarded,7147,him,4225
regards,7148,to,8982
regiment,7149,of,6056
region,7150,she,7844
regions,7151,banged,658
registered,7152,trademark,9059
registrar,7153,three,8915
regret,7154,the,8815
regretful,7155,eyes,3136
regretted,7156,the,8815
regular,7157,and,320
regulating,7158,charities,1349
regulation,7159,countryhouse,1908
rehabilitated,7160,himself,4227
rehearsing,7161,a,1
reign,7162,the,8815
rein,7163,to,8982
reinforced,7164,by,1166
reins,7165,he,4084
reinstated,7166,a,1
reinstatement,7167,of,6056
reiterated,7168,continually,1792
rejoice,7169,any,366
rejoiced,7170,greatly,3882
rejoinders,7171,to,8982
relapse,7172,this,8891
relate,7173,his,4242
relation,7174,to,8982
relationif,7175,i,4384
relations,7176,handy,4014
relationships,7177,assert,508
relative,7178,claims,1471
relax,7179,her,4163
relaxation,7180,in,4492
relaxed,7181,alternately,287
release,7182,date,2114
released,7183,her,4163
relegated,7184,noisily,5941
relentless,7185,needle,5869
relentlessly,7186,now,5987
reliance,7187,on,6089
relied,7188,on,6089
relief,7189,ensor,2914
relieved,7190,him,4225
relieving,7191,me,5465
religious,7192,dogmas,2536
relinquished,7193,his,4242
reluctance,7194,to,8982
reluctant,7195,moans,5659
remain,7196,freely,3575
remained,7197,and,320
remaining,7198,provisions,6896
remains,7199,of,6056
remark,7200,and,320
remarkable,7201,decision,2166
remarked,7202,coldly,1578
remarking,7203,and,320
remarks,7204,at,530
remarriage,7205,he,4084
remedies,7206,for,3480
remember,7207,that,8810
remembered,7208,the,8815
remembering,7209,bitterly,870
remembers,7210,you,9974
remembrance,7211,of,6056
remind,7212,her,4163
reminded,7213,him,4225
reminds,7214,her,4163
reminiscence,7215,of,6056
reminiscences,7216,would,9905
reminiscent,7217,pause,6361
remnant,7218,of,6056
remonstrance,7219,in,4492
remorse,7220,as,483
remorselessly,7221,and,320
remorselessness,7222,she,7844
remove,7223,the,8815
removed,7224,from,3606
removing,7225,it,4780
renaissance,7226,he,4084
renamed,7227,creating,1966
rendered,7228,by,1166
rending,7229,her,4163
renewal,7230,but,1154
renewed,7231,he,4084
rent,7232,the,8815
rented,7233,in,4492
rents,7234,in,4492
repair,7235,her,4163
repeated,7236,after,183
repeatedly,7237,with,9825
repeating,7238,a,1
repelling,7239,an,315
repented,7240,it,4780
repining,7241,now,5987
replace,7242,the,8815
replaced,7243,it,4780
replacement,7244,or,6133
replacing,7245,it,4780
replied,7246,the,8815
reply,7247,and,320
report,7248,said,7521
reported,7249,to,8982
reports,7250,performances,6429
repose,7251,she,7844
represent,7252,no,5928
representations,7253,concerning,1690
representatives,7254,have,4077
represented,7255,a,1
repressed,7256,all,247
reproach,7257,but,1154
reproachful,7258,glance,3774
reproachless,7259,seeking,7698
reproductions,7260,it,4780
reproof,7261,from,3606
reproved,7262,him,4225
repugnant,7263,to,8982
repulsed,7264,by,1166
repulsion,7265,as,483
reputation,7266,as,483
reputed,7267,to,8982
request,7268,he,4084
requested,7269,the,8815
requests,7270,with,9825
require,7271,such,8512
required,7272,pitch,6537
requirements,7273,we,9632
rereading,7274,of,6056
rescuing,7275,this,8891
research,7276,on,6089
resent,7277,but,1154
resented,7278,any,366
reserve,7279,for,3480
reserved,7280,his,4242
resignation,7281,that,8810
resignedly,7282,and,320
resist,7283,a,1
resistance,7284,i,4384
resisted,7285,all,247
resistedit,7286,was,9600
resolute,7287,and,320
resolutely,7288,across,80
resolution,7289,ensor,2914
resolve,7290,definitely,2192
resources,7291,he,4084
respect,7292,her,4163
respectable,7293,conventional,1820
respectablelooking,7294,man,5377
respected,7295,his,4242
respectful,7296,worship,9896
respectfully,7297,to,8982
respective,7298,situations,7993
respects,7299,to,8982
respirator,7300,on,6089
responded,7301,gently,3732
responding,7302,to,8982
response,7303,to,8982
responsibilities,7304,she,7844
responsibility,7305,of,6056
responsible,7306,for,3480
rest,7307,of,6056
restaurant,7308,dinner,2384
rested,7309,on,6089
resting,7310,on,6089
restitution,7311,of,6056
restless,7312,animal,331
restlessness,7313,among,306
restorative,7314,draught,2605
restore,7315,the,8815
restrain,7316,it,4780
restrained,7317,and,320
restraint,7318,was,9600
restrictions,7319,whatsoever,9704
result,7320,of,6056
resume,7321,the,8815
resumed,7322,and,320
resuming,7323,his,4242
retained,7324,it,4780
retaining,7325,fee,3257
retention,7326,or,6133
reticences,7327,and,320
reticule,7328,and,320
retire,7329,from,3606
retired,7330,on,6089
retiring,7331,most,5731
retorted,7332,the,8815
retreated,7333,and,320
retreating,7334,committee,1625
retribution,7335,came,1199
retrieving,7336,alices,236
retrograde,7337,feeling,3263
return,7338,or,6133
returned,7339,to,8982
returning,7340,laid,4988
returns,7341,of,6056
reuse,7342,it,4780
rev,7343,matthew,5453
revealed,7344,to,8982
revelations,7345,with,9825
revenge,7346,had,3972
revengefulthen,7347,she,7844
revenue,7348,service,7780
reverend,7349,matthew,5453
reverently,7350,flirted,3414
reverse,7351,he,4084
reversed,7352,is,4765
reviews,7353,as,483
revival,7354,she,7844
revive,7355,under,9247
revived,7356,a,1
revolt,7357,had,3972
revolted,7358,fascination,3213
revolting,7359,in,4492
rhampsinitos,7360,and,320
rhapsodies,7361,out,6170
rheumatism,7362,but,1154
rhine,7363,stream,8425
rib,7364,he,4084
ribbon,7365,artist,479
ribbons,7366,her,4163
ribs,7367,of,6056
rich,7368,and,320
richmond,7369,road,7407
richmondshire,7370,moors,5709
ricketty,7371,baby,627
rickety,7372,staircase,8293
ricks,7373,come,1602
rid,7374,me,5465
riddance,7375,too,9010
ridden,7376,in,4492
ridders,7377,of,6056
ride,7378,behind,775
ridges,7379,that,8810
ridiculous,7380,by,1166
riding,7381,about,18
ridingwhip,7382,and,320
rift,7383,set,7784
right,7384,to,8982
righted,7385,themselves,8831
righthand,7386,side,7936
rightminded,7387,city,1462
rights,7388,be,700
rigid,7389,an,315
rigorous,7390,rule,7484
rim,7391,of,6056
rinds,7392,and,320
ring,7393,alice,235
ringing,7394,at,530
rings,7395,to,8982
ripe,7396,for,3480
ripple,7397,on,6089
rise,7398,and,320
rising,7399,from,3606
risk,7400,giving,3771
risks,7401,she,7844
risque,7402,things,8875
rite,7403,of,6056
river,7404,and,320
riverthat,7405,day,2126
riviera,7406,one,6093
road,7407,to,8982
roads,7408,blackish,875
roadside,7409,old,6076
roadway,7410,after,183
roamed,7411,over,6194
roar,7412,julia,4869
roaring,7413,and,320
roast,7414,him,4225
robin,7415,that,8810
rocked,7416,backwards,636
rod,7417,to,8982
rode,7418,away,603
roger,7419,and,320
rogers,7420,face,3138
roll,7421,back,631
rolled,7422,down,2583
roller,7423,when,9709
rolling,7424,country,1907
rolls,7425,of,6056
romance,7426,great,3879
romancer,7427,to,8982
romantic,7428,dears,2148
roof,7429,of,6056
roofless,7430,passages,6329
roofs,7431,safe,7512
rooks,7432,cawed,1300
room,7433,and,320
roombut,7434,he,4084
rooms,7435,at,530
roomsomewhere,7436,else,2831
roomthat,7437,very,9470
roomto,7438,breathe,1047
rope,7439,and,320
rory,7440,has,4055
roryour,7441,ponynever,6644
rose,7442,and,320
rosebush,7443,which,9719
rosecoloured,7444,chintz,1416
roses,7445,and,320
rosy,7446,cosy,1887
rot,7447,about,18
rotted,7448,awaythe,610
rotten,7449,are,441
rough,7450,and,320
roughly,7451,by,1166
roughlyjoined,7452,beams,704
round,7453,her,4163
roundabout,7454,way,9627
roused,7455,him,4225
rout,7456,at,530
roved,7457,over,6194
rover,7458,a,1
roving,7459,wind,9791
row,7460,of,6056
rowanbush,7461,near,5851
rows,7462,of,6056
royalties,7463,for,3480
royalty,7464,payments,6372
roysterers,7465,he,4084
rpouss,7466,workonly,9880
rub,7467,her,4163
rubadub,7468,rubadub,7468
rubadubbing,7469,that,8810
rubbed,7470,her,4163
rubbing,7471,against,188
rubbish,7472,is,4765
rubble,7473,exposed,3099
ruddy,7474,cincture,1448
rude,7475,if,4397
rudely,7476,interrupted,4705
rued,7477,her,4163
ruefully,7478,yes,9959
rug,7479,covering,1927
rugs,7480,and,320
ruin,7481,far,3191
ruined,7482,battlement,696
ruining,7483,him,4225
rule,7484,appear,396
rules,7485,close,1516
rumble,7486,she,7844
rummaged,7487,for,3480
rumours,7488,flew,3400
run,7489,away,603
running,7490,up,9383
rural,7491,police,6630
rush,7492,from,3606
rushed,7493,at,530
rushes,7494,from,3606
rushing,7495,of,6056
rustic,7496,fair,3164
rustling,7497,tyrant,9201
rusty,7498,red,7115
s,7499,hart,4053
sable,7500,gultie,3954
sack,7501,her,4163
sacking,7502,very,9470
sacredit,7503,should,7895
sacrifice,7504,of,6056
sacrificed,7505,for,3480
sad,7506,apprehensive,418
saddened,7507,me,5465
saddle,7508,he,4084
sadlike,7509,eh,2797
sadly,7510,you,9974
sadness,7511,and,320
safe,7512,in,4492
safeguarded,7513,her,4163
safeguards,7514,by,1166
safely,7515,over,6194
safer,7516,part,6308
safest,7517,place,6551
safety,7518,half,3983
safetyvalve,7519,to,8982
sagged,7520,down,2583
said,7521,the,8815
saidagain,7522,the,8815
saiddear,7523,thingwhen,8879
saidi,7524,believe,785
saidthat,7525,whichever,9720
saidthe,7526,hole,4262
sailed,7527,for,3480
sake,7528,i,4384
sakethe,7529,bonny,965
salad,7530,or,6133
sale,7531,at,530
sally,7532,and,320
sallykiss,7533,me,5465
sallys,7534,and,320
salt,7535,tears,8742
salts,7536,or,6133
salutation,7537,smiled,8071
salutations,7538,with,9825
salute,7539,you,9974
salve,7540,it,4780
salving,7541,you,9974
samaritan,7542,and,320
same,7543,time,8957
sample,7544,and,320
sand,7545,she,7844
sanded,7546,one,6093
sandown,7547,and,320
sandy,7548,weedy,9659
sane,7549,or,6133
saner,7550,worthier,9902
sanitation,7551,and,320
sank,7552,again,187
sap,7553,her,4163
sapping,7554,his,4242
sardonically,7555,its,4791
sash,7556,and,320
sat,7557,down,2583
satiate,7558,of,6056
satin,7559,cushions,2061
satisfaction,7560,of,6056
satisfactorily,7561,confidential,1716
satisfied,7562,himself,4227
satisfy,7563,he,4084
saturday,7564,evening,2987
saunders,7565,and,320
savage,7566,asiatic,494
savagely,7567,disdaining,2438
savagery,7568,in,4492
savages,7569,why,9760
savant,7570,the,8815
save,7571,him,4225
saved,7572,by,1166
saving,7573,him,4225
saviour,7574,jesus,4829
savouries,7575,maam,5331
savoury,7576,master,5437
saw,7577,the,8815
saxon,7578,adelaide,111
say,7579,that,8810
sayever,7580,appears,401
sayin,7581,that,8810
saying,7582,he,4084
saylet,7583,him,4225
says,7584,i,4384
sayyou,7585,had,3972
scaffolding,7586,of,6056
scalding,7587,hot,4314
scandal,7588,no,5928
scanned,7589,it,4780
scant,7590,consolation,1757
scantily,7591,garnished,3691
scanty,7592,light,5143
scanwood,7593,and,320
scapegoat,7594,and,320
scar,7595,of,6056
scarcely,7596,bear,707
scare,7597,him,4225
scarecrow,7598,of,6056
scared,7599,sideways,7940
scarp,7600,of,6056
scars,7601,deep,2176
scene,7602,of,6056
scenes,7603,as,483
scenting,7604,a,1
schemer,7605,to,8982
school,7606,board,937
schoolgirl,7607,she,7844
schoolgirls,7608,going,3818
schooling,7609,but,1154
sciatica,7610,or,6133
science,7611,but,1154
scientific,7612,blow,918
scientifically,7613,in,4492
scion,7614,i,4384
scold,7615,me,5465
scolda,7616,good,3826
scolded,7617,for,3480
scoldednow,7618,the,8815
scolding,7619,and,320
scorched,7620,and,320
score,7621,of,6056
scored,7622,out,6170
scores,7623,of,6056
scorn,7624,of,6056
scorned,7625,yet,9962
scornfully,7626,i,4384
scotland,7627,the,8815
scourge,7628,slay,8024
scouring,7629,some,8149
scragged,7630,every,3001
scrambling,7631,and,320
scrap,7632,of,6056
scrape,7633,the,8815
scraping,7634,of,6056
scrapings,7635,into,4719
scraps,7636,what,9700
scratch,7637,the,8815
scream,7638,that,8810
screamed,7639,and,320
screech,7640,from,3606
screened,7641,off,6057
screens,7642,and,320
screw,7643,soles,8137
screwed,7644,black,873
scribbled,7645,something,8153
scrope,7646,is,4765
scrub,7647,the,8815
scrubbed,7648,and,320
scrubbing,7649,the,8815
scrubby,7650,head,4085
scruples,7651,of,6056
scrupulously,7652,honourable,4279
scrutinized,7653,her,4163
scullery,7654,raising,7018
scullerydom,7655,and,320
sculptured,7656,doorway,2572
scuttled,7657,to,8982
scythes,7658,set,7784
se,7659,he,4084
sea,7660,air,221
seal,7661,of,6056
sealed,7662,for,3480
seals,7663,and,320
seamed,7664,with,9825
sear,7665,dry,2675
search,7666,closely,1519
searching,7667,pity,6546
seared,7668,and,320
seas,7669,from,3606
season,7670,and,320
seasonal,7671,delights,2219
seasons,7672,she,7844
seat,7673,again,187
seated,7674,in,4492
seatshe,7675,stepped,8341
second,7676,time,8957
seconded,7677,by,1166
secondrate,7678,chelsea,1379
secret,7679,of,6056
secretary,7680,to,8982
secretly,7681,mary,5427
secrets,7682,with,9825
secretthe,7683,police,6630
section,7684,information,4591
sections,7685,and,320
secure,7686,and,320
secured,7687,a,1
securities,7688,bred,1053
sedulous,7689,use,9403
see,7690,the,8815
seeand,7691,theres,8854
seed,7692,for,3480
seedy,7693,arne,460
seedybut,7694,they,8861
seeii,7695,suppose,8576
seeing,7696,her,4163
seek,7697,the,8815
seeking,7698,not,5963
seem,7699,to,8982
seemed,7700,to,8982
seeming,7701,for,3480
seemingly,7702,have,4077
seems,7703,a,1
seen,7704,her,4163
sees,7705,a,1
seest,7706,me,5465
seetuesday,7707,taking,8691
seized,7708,hauling,4073
seldom,7709,addressed,109
select,7710,denomination,2236
selected,7711,its,4791
selecting,7712,their,8820
selection,7713,of,6056
self,7714,he,4084
selfabnegation,7715,joe,4840
selfassertiveness,7716,everard,2996
selfchosen,7717,vagueness,9427
selfconscious,7718,lad,4976
selfconsciousness,7719,she,7844
selfcontained,7720,in,4492
selfcontrol,7721,and,320
selfcontrolnot,7722,more,5721
selfdepreciation,7723,filled,3322
selfdestruction,7724,bending,801
selfimposed,7725,solitude,8145
selfincurred,7726,a,1
selfish,7727,if,4397
selfishpeople,7728,who,9750
selflove,7729,thats,8814
selfrestraint,7730,won,9855
selfsame,7731,cloth,1525
selfselecting,7732,father,3227
selfstyled,7733,modern,5665
selfsufficiency,7734,but,1154
semblance,7735,of,6056
semidazed,7736,condition,1703
semiprofessional,7737,inquiry,4627
semiromantic,7738,stories,8386
semiscientific,7739,semiromantic,7738
send,7740,you,9974
sending,7741,a,1
sends,7742,me,5465
senile,7743,way,9627
sensation,7744,like,5153
sensations,7745,of,6056
sensationvery,7746,like,5153
sense,7747,of,6056
senses,7748,i,4384
sensible,7749,and,320
sensibly,7750,forward,3536
sensitive,7751,enamel,2869
sensitiveness,7752,and,320
sensual,7753,pity,6546
sensuous,7754,beauty,728
sent,7755,away,603
sentence,7756,in,4492
sentences,7757,all,247
sentiment,7758,she,7844
sentimental,7759,impossible,4475
sentimentality,7760,and,320
sentiments,7761,towards,9045
sentimentthe,7762,sentiment,7758
separate,7763,cornersof,1865
separated,7764,by,1166
separately,7765,soandso,8106
separation,7766,is,4765
serene,7767,as,483
serenity,7768,raising,7018
series,7769,of,6056
serieswritten,7770,from,3606
serious,7771,illness,4414
seriously,7772,alienated,238
sermon,7773,and,320
servant,7774,and,320
servantgirls,7775,revelations,7345
servantmaid,7776,and,320
servants,7777,quarters,6965
served,7778,for,3480
serves,7779,you,9974
service,7780,and,320
services,7781,in,4492
servitude,7782,doing,2542
session,7783,was,9600
set,7784,forth,3526
sets,7785,do,2522
setting,7786,the,8815
settle,7787,down,2583
settled,7788,down,2583
settling,7789,that,8810
seven,7790,years,9951
seventh,7791,baby,627
seventy,7792,thousand,8908
several,7793,years,9951
severe,7794,case,1271
severed,7795,the,8815
severely,7796,alone,270
severish,7797,strapped,8416
severity,7798,of,6056
sewing,7799,and,320
sex,7800,and,320
sexton,7801,was,9600
sexual,7802,self,7714
sexually,7803,ineligible,4575
seymour,7804,street,8428
shabby,7805,blade,878
shade,7806,of,6056
shaded,7807,by,1166
shadow,7808,her,4163
shadows,7809,of,6056
shadowthridden,7810,radiance,6998
shaft,7811,and,320
shafts,7812,are,441
shake,7813,a,1
shaken,7814,by,1166
shaking,7815,her,4163
shaky,7816,wooden,9863
shall,7817,i,4384
shallowest,7818,even,2986
sham,7819,artistic,480
shame,7820,and,320
shamed,7821,and,320
shamefaced,7822,man,5377
shamefacedly,7823,and,320
shameful,7824,apathy,378
shameless,7825,sincerity,7974
shames,7826,her,4163
shamming,7827,it,4780
shant,7828,forget,3505
shape,7829,of,6056
shaped,7830,like,5153
shapeless,7831,piteous,6540
shapeliness,7832,was,9600
shapes,7833,whence,9710
shapesshapes,7834,of,6056
share,7835,but,1154
shared,7836,with,9825
sharing,7837,project,6842
sharp,7838,and,320
sharpening,7839,his,4242
sharpfeatured,7840,man,5377
sharply,7841,and,320
shattered,7842,nerves,5889
shawl,7843,into,4719
she,7844,had,3972
sheaves,7845,of,6056
shed,7846,have,4077
sheepish,7847,but,1154
sheepishly,7848,came,1199
sheer,7849,love,5282
sheet,7850,and,320
sheets,7851,of,6056
shelf,7852,alice,235
shell,7853,be,700
shelter,7854,the,8815
sheltered,7855,and,320
shelved,7856,came,1199
shelves,7857,of,6056
sheraton,7858,furniture,3651
sheriffmuir,7859,luke,5312
shes,7860,a,1
shetoo,7861,frightened,3593
shh,7862,for,3480
shield,7863,merely,5549
shields,7864,of,6056
shift,7865,as,483
shifting,7866,for,3480
shilling,7867,of,6056
shillings,7868,and,320
shine,7869,of,6056
shining,7870,ivory,4799
shiny,7871,at,530
shinyfloored,7872,hall,3994
ship,7873,that,8810
shirt,7874,and,320
shiver,7875,come,1602
shivered,7876,and,320
shiveredi,7877,suggested,8528
shiverin,7878,hap,4026
shivering,7879,do,2522
shock,7880,bound,1001
shocked,7881,and,320
shocker,7882,my,5817
shocking,7883,cruelty,2014
shocks,7884,that,8810
shoes,7885,as,483
shoffer,7886,thats,8814
shone,7887,and,320
shook,7888,her,4163
shoot,7889,me,5465
shoots,7890,and,320
shored,7891,up,9383
short,7892,cut,2063
shortly,7893,we,9632
shot,7894,through,8925
should,7895,have,4077
shoulder,7896,and,320
shouldering,7897,the,8815
shoulders,7898,and,320
shouldnt,7899,be,700
shout,7900,they,8861
shouted,7901,at,530
shoved,7902,into,4719
show,7903,you,9974
showed,7904,beyond,833
shower,7905,was,9600
showers,7906,whose,9759
showing,7907,a,1
shown,7908,a,1
shows,7909,character,1341
shrank,7910,back,631
shrew,7911,a,1
shrewd,7912,cheap,1368
shriek,7913,something,8153
shrieked,7914,then,8833
shrink,7915,well,9671
shrinking,7916,and,320
shrivel,7917,up,9383
shrug,7918,was,9600
shrugged,7919,her,4163
shrunk,7920,and,320
shrunken,7921,there,8843
shudder,7922,like,5153
shuddered,7923,and,320
shuddering,7924,been,747
shuffling,7925,her,4163
shut,7926,off,6057
shutters,7927,drew,2637
shy,7928,or,6133
shyer,7929,as,483
shyish,7930,grave,3869
shyly,7931,at,530
shyness,7932,and,320
sick,7933,about,18
sicken,7934,me,5465
sickly,7935,fearful,3248
side,7936,of,6056
sideboard,7937,ah,212
sides,7938,of,6056
sideway,7939,pats,6358
sideways,7940,like,5153
sigh,7941,of,6056
sighed,7942,and,320
sighedi,7943,forgot,3509
sighing,7944,and,320
sighs,7945,and,320
sight,7946,of,6056
sighted,7947,beyond,833
sign,7948,of,6056
signals,7949,of,6056
signed,7950,photograph,6493
significance,7951,of,6056
signified,7952,a,1
signs,7953,of,6056
silence,7954,and,320
silent,7955,and,320
silently,7956,her,4163
silk,7957,gloves,3797
silken,7958,curtains,2056
sill,7959,the,8815
silliness,7960,youll,9982
silly,7961,as,483
silver,7962,bowl,1011
silvertable,7963,wishing,9822
silvertopped,7964,one,6093
similarity,7965,and,320
simple,7966,child,1395
simplego,7967,on,6089
simply,7968,adore,146
simulate,7969,and,320
sin,7970,brutes,1110
since,7971,you,9974
sincere,7972,he,4084
sincerely,7973,her,4163
sincerity,7974,of,6056
single,7975,dwelling,2708
singled,7976,him,4225
singularly,7977,unattractive,9215
sink,7978,the,8815
sinking,7979,down,2583
sins,7980,and,320
sinsand,7981,mine,5605
sipping,7982,a,1
sir,7983,hilary,4218
siri,7984,consider,1747
sister,7985,to,8982
sisterinlaw,7986,had,3972
sisters,7987,before,754
sit,7988,down,2583
sitting,7989,in,4492
sittingroom,7990,out,6170
situated,7991,there,8843
situation,7992,created,1965
situations,7993,and,320
six,7994,years,9951
sixteen,7995,carefully,1244
sixtytwo,7996,she,7844
size,7997,and,320
skeleton,7998,safe,7512
sketch,7999,an,315
sketched,8000,a,1
skilful,8001,surgery,8590
skilfully,8002,combined,1601
skilled,8003,workman,9878
skin,8004,and,320
skinny,8005,limb,5166
skins,8006,among,306
skirmish,8007,the,8815
skirmished,8008,every,3001
skirt,8009,was,9600
skirts,8010,on,6089
skrike,8011,out,6170
sky,8012,is,4765
skyblue,8013,ribbon,7365
skylight,8014,pane,6269
slab,8015,of,6056
slabs,8016,of,6056
slack,8017,christina,1430
slang,8018,helped,4148
slapdash,8019,way,9627
slashed,8020,his,4242
slave,8021,she,7844
slaves,8022,free,3571
slavishly,8023,as,483
slay,8024,suddenly,8517
sleep,8025,all,247
sleeping,8026,apartment,375
sleepless,8027,nights,5922
sleepor,8028,to,8982
sleeps,8029,alone,270
sleepthat,8030,seeing,7696
sleepy,8031,as,483
sleeve,8032,links,5187
slender,8033,fingers,3348
slept,8034,in,4492
slewed,8035,round,7453
slice,8036,of,6056
sliced,8037,turnips,9175
slid,8038,in,4492
slight,8039,touch,9037
slighter,8040,acts,93
slightest,8041,attempt,543
slightly,8042,as,483
slip,8043,for,3480
slipped,8044,off,6057
slipper,8045,on,6089
slippered,8046,comfort,1606
slippers,8047,it,4780
slipping,8048,briskly,1073
slobbering,8049,me,5465
slope,8050,he,4084
slopes,8051,in,4492
sloping,8052,to,8982
slow,8053,dog,2532
slower,8054,than,8804
slowing,8055,up,9383
slowly,8056,and,320
sluggish,8057,depressed,2259
slum,8058,mother,5733
slumber,8059,that,8810
slung,8060,between,826
slunk,8061,at,530
sly,8062,allseeing,261
slyly,8063,for,3480
small,8064,boys,1018
smart,8065,woman,9843
smartly,8066,out,6170
smashed,8067,battered,693
smell,8068,death,2151
smelt,8069,a,1
smile,8070,of,6056
smiled,8071,a,1
smiling,8072,and,320
smit,8073,naw,5849
smitten,8074,into,4719
smoke,8075,of,6056
smoked,8076,cigarettes,1446
smoking,8077,far,3191
smokingroom,8078,it,4780
smooth,8079,bits,867
smoothed,8080,and,320
smother,8081,the,8815
smothered,8082,at,530
smouldered,8083,in,4492
smouldering,8084,fire,3353
smudge,8085,or,6133
snap,8086,occasionallythat,6044
snapped,8087,and,320
snapping,8088,their,8820
snarling,8089,teeth,8753
snatch,8090,it,4780
snecking,8091,the,8815
sneer,8092,as,483
sneered,8093,look,5258
sneeredthrough,8094,her,4163
sniggered,8095,it,4780
snivel,8096,i,4384
snivelling,8097,in,4492
snorting,8098,of,6056
snow,8099,out,6170
snub,8100,into,4719
snubbed,8101,them,8822
snubbing,8102,of,6056
snuffed,8103,the,8815
so,8104,much,5784
soand,8105,as,483
soandso,8106,had,3972
soared,8107,out,6170
sob,8108,and,320
sobbed,8109,noo,5952
sobbing,8110,very,9470
sober,8111,earnest,2728
soberminded,8112,man,5377
sobs,8113,ceased,1303
social,8114,and,320
socialism,8115,they,8861
socialist,8116,as,483
socially,8117,than,8804
society,8118,and,320
societys,8119,meeting,5506
socks,8120,and,320
soda,8121,yes,9959
sodear,8122,little,5214
sofa,8123,with,9825
sofas,8124,and,320
sofathe,8125,old,6076
soft,8126,and,320
soften,8127,or,6133
softened,8128,and,320
softening,8129,educative,2777
softly,8130,i,4384
solace,8131,and,320
solacium,8132,she,7844
sold,8133,herself,4189
soldiers,8134,and,320
solecism,8135,at,530
solemnly,8136,did,2347
soles,8137,going,3818
solicit,8138,contributions,1808
solicitation,8139,requirements,7273
solicitous,8140,and,320
solicitously,8141,over,6194
solicitude,8142,and,320
solid,8143,and,320
solitary,8144,child,1395
solitude,8145,or,6133
sollerets,8146,above,20
sombre,8147,and,320
sombrely,8148,go,3807
some,8149,one,6093
somebody,8150,had,3972
somehow,8151,or,6133
somerville,8152,hall,3994
something,8153,to,8982
somethingsomething,8154,disgustingsomething,2447
sometimes,8155,i,4384
sometimesnot,8156,so,8104
somewhat,8157,in,4492
somewhere,8158,in,4492
son,8159,but,1154
sons,8160,did,2347
soon,8161,as,483
sooner,8162,or,6133
soothe,8163,her,4163
soothed,8164,her,4163
soothing,8165,him,4225
soothsaying,8166,vision,9504
sop,8167,to,8982
sordid,8168,securities,7688
sore,8169,she,7844
soressuppurating,8170,she,7844
sorrow,8171,as,483
sorry,8172,for,3480
sort,8173,of,6056
sorts,8174,of,6056
sortsand,8175,possibilities,6673
sortwith,8176,the,8815
soubrettish,8177,like,5153
sought,8178,his,4242
soul,8179,about,18
souls,8180,i,4384
soulstripped,8181,unaccountedfor,9209
sound,8182,of,6056
sounded,8183,close,1516
sounds,8184,came,1199
soup,8185,and,320
sour,8186,brevity,1057
south,8187,a,1
southwest,8188,wing,9804
sovereign,8189,at,530
sown,8190,the,8815
space,8191,and,320
spaces,8192,yet,9962
spanish,8193,leather,5076
spanned,8194,it,4780
spare,8195,her,4163
spark,8196,in,4492
sparks,8197,flying,3446
sparsely,8198,round,7453
spasm,8199,of,6056
spcc,8200,you,9974
speak,8201,to,8982
speaker,8202,addressed,109
speakers,8203,intention,4674
speaking,8204,to,8982
speaks,8205,of,6056
speakspeak,8206,kindly,4919
special,8207,art,476
speciality,8208,not,5963
specified,8209,in,4492
specimen,8210,of,6056
specimens,8211,of,6056
spectacle,8212,of,6056
spectator,8213,beside,811
sped,8214,alice,235
speech,8215,and,320
speedy,8216,merciful,5546
spell,8217,which,9719
spelling,8218,inconsistencies,4524
spend,8219,and,320
spent,8220,a,1
spiced,8221,and,320
spicy,8222,and,320
spider,8223,informed,4592
spiderlike,8224,arms,458
spied,8225,her,4163
spikes,8226,as,483
spill,8227,the,8815
spine,8228,on,6089
spirit,8229,of,6056
spirited,8230,opposition,6127
spiriti,8231,cant,1209
spiritless,8232,bird,856
spiritlessly,8233,no,5928
spiritnasty,8234,at,530
spirits,8235,aloud,276
spiritsthings,8236,unseen,9354
spiritual,8237,a,1
spiritualist,8238,affairs,166
spiritualistutter,8239,sentimental,7759
spiritwithout,8240,the,8815
spite,8241,of,6056
spitefully,8242,without,9833
splashed,8243,on,6089
splashes,8244,of,6056
splendid,8245,and,320
splintering,8246,timber,8956
spoil,8247,any,366
spoiled,8248,his,4242
spoiling,8249,a,1
spoilt,8250,child,1395
spoke,8251,to,8982
spoken,8252,to,8982
sponges,8253,in,4492
sportsman,8254,there,8843
spot,8255,now,5987
spots,8256,and,320
sprang,8257,fear,3246
spread,8258,over,6194
spreading,8259,long,5250
sprig,8260,of,6056
spring,8261,they,8861
springing,8262,hopes,4297
sprinkled,8263,the,8815
sprite,8264,and,320
sprouted,8265,and,320
spun,8266,of,6056
spurt,8267,that,8810
spying,8268,that,8810
squalling,8269,puppies,6930
square,8270,glass,3780
squarely,8271,discussed,2434
squat,8272,he,4084
squatted,8273,at,530
squeak,8274,you,9974
squealing,8275,like,5153
squeamishness,8276,uncontrollable,9238
squeezed,8277,his,4242
squinny,8278,and,320
st,8279,leger,5096
stabbing,8280,thrust,8932
stable,8281,except,3029
stableboys,8282,anxious,364
staccato,8283,step,8340
staff,8284,please,6590
stag,8285,pulled,6912
stage,8286,as,483
stages,8287,of,6056
stagescene,8288,and,320
stagey,8289,words,9871
staggered,8290,hither,4245
stained,8291,with,9825
stair,8292,and,320
staircase,8293,and,320
stairs,8294,he,4084
stairway,8295,beyont,834
staked,8296,round,7453
stallions,8297,with,9825
stammered,8298,a,1
stamp,8299,he,4084
stamped,8300,out,6170
stamping,8301,overhead,6202
stand,8302,it,4780
standard,8303,lamp,4993
standards,8304,and,320
standing,8305,there,8843
stands,8306,to,8982
star,8307,still,8353
starched,8308,cuffs,2025
stare,8309,at,530
stared,8310,at,530
starey,8311,as,483
staring,8312,at,530
stars,8313,in,4492
start,8314,at,530
started,8315,adelaide,111
startle,8316,him,4225
startled,8317,her,4163
starvation,8318,indeed,4537
starve,8319,because,731
starved,8320,he,4084
starving,8321,id,4385
state,8322,of,6056
stately,8323,majestic,5361
statements,8324,concerning,1690
states,8325,and,320
station,8326,alone,270
stationary,8327,taxicabs,8731
status,8328,of,6056
statutory,8329,nurses,6003
stay,8330,with,9825
stayed,8331,in,4492
staying,8332,away,603
stays,8333,away,603
stead,8334,but,1154
steadily,8335,balancing,651
steady,8336,absorption,33
steel,8337,and,320
steely,8338,blue,921
steep,8339,single,7975
step,8340,forward,3536
stepped,8341,back,631
steps,8342,and,320
sterilized,8343,of,6056
sterling,8344,health,4098
stern,8345,father,3227
sternly,8346,and,320
sternness,8347,coming,1612
stick,8348,and,320
sticking,8349,or,6133
sticky,8350,substance,8498
stiff,8351,christina,1430
stiffened,8352,spine,8228
still,8353,i,4384
stillborn,8354,the,8815
stillness,8355,the,8815
stillthere,8356,it,4780
stimulated,8357,by,1166
stir,8358,and,320
stirred,8359,and,320
stirring,8360,five,3371
stirringanother,8361,womans,9847
stirrup,8362,bickering,838
stitch,8363,how,4334
stock,8364,i,4384
stocking,8365,she,7844
stole,8366,towards,9045
stolid,8367,attentiveness,553
stomach,8368,for,3480
stone,8369,floor,3418
stonecold,8370,floors,3420
stoneflagged,8371,kitchen,4932
stonefor,8372,i,4384
stonepaved,8373,chapel,1336
stones,8374,she,7844
stonily,8375,looking,5260
stony,8376,you,9974
stood,8377,there,8843
stoodturning,8378,on,6089
stooped,8379,and,320
stooping,8380,deposited,2253
stop,8381,the,8815
stopped,8382,a,1
stopping,8383,to,8982
store,8384,by,1166
stored,8385,may,5458
stories,8386,of,6056
storm,8387,gone,3823
stormy,8388,times,8960
storrs,8389,and,320
story,8390,for,3480
storytelling,8391,now,5987
stoup,8392,of,6056
stout,8393,woman,9843
stouter,8394,she,7844
stoutish,8395,personable,6454
stoutly,8396,i,4384
stove,8397,gave,3712
stowed,8398,away,603
stowing,8399,it,4780
straggling,8400,grasses,3861
straight,8401,to,8982
straightlipped,8402,woman,9843
strain,8403,of,6056
strained,8404,and,320
strainedly,8405,perhaps,6433
straining,8406,or,6133
stranded,8407,on,6089
strands,8408,of,6056
strange,8409,to,8982
strangely,8410,combined,1601
stranger,8411,dog,2532
strangers,8412,coming,1612
strangle,8413,me,5465
strangled,8414,so,8104
strangling,8415,himselfhe,4231
strapped,8416,mockmanly,5662
strata,8417,of,6056
strategy,8418,to,8982
straw,8419,hat,4060
strawplaited,8420,tails,8686
straws,8421,off,6057
stray,8422,from,3606
strayed,8423,telegram,8754
streaks,8424,and,320
stream,8425,and,320
streaming,8426,sunshine,8558
streams,8427,that,8810
street,8428,and,320
streets,8429,of,6056
strength,8430,but,1154
stress,8431,of,6056
stretch,8432,of,6056
stretched,8433,away,603
stretching,8434,out,6170
strict,8435,consideration,1751
strictly,8436,hands,4007
strike,8437,all,247
strikes,8438,me,5465
striking,8439,down,2583
string,8440,and,320
strings,8441,and,320
stripe,8442,laid,4988
strive,8443,to,8982
striving,8444,at,530
strivings,8445,have,4077
strode,8446,along,275
stroke,8447,of,6056
stroked,8448,him,4225
stroking,8449,its,4791
strolled,8450,backwards,636
strong,8451,and,320
strongly,8452,marked,5409
strongminded,8453,as,483
strongroom,8454,of,6056
struck,8455,her,4163
struggle,8456,betrayed,818
struggling,8457,moon,5702
strung,8458,up,9383
stuart,8459,apotheosis,385
stuarts,8460,called,1189
stubborn,8461,these,8860
stubby,8462,determined,2318
stuck,8463,to,8982
studded,8464,with,9825
student,8465,lawyer,5051
studiously,8466,home,4268
study,8467,in,4492
stuff,8468,and,320
stuffed,8469,in,4492
stumble,8470,over,6194
stumbled,8471,a,1
stumbling,8472,over,6194
stump,8473,up,9383
stung,8474,by,1166
stunned,8475,shamed,7821
stunnedkilled,8476,outright,6185
stunted,8477,her,4163
stuntedfrombirth,8478,ones,6095
stupefied,8479,in,4492
stupid,8480,and,320
stupidly,8481,gone,3823
sturdily,8482,he,4084
sturdy,8483,dutiful,2703
style,8484,of,6056
stylograph,8485,joe,4840
subdued,8486,manly,5386
subject,8487,beyond,833
subjects,8488,did,2347
submissive,8489,and,320
submit,8490,to,8982
submitted,8491,in,4492
submittedand,8492,then,8833
subscribe,8493,to,8982
subscribed,8494,and,320
subscription,8495,lecture,5081
subsidized,8496,by,1166
subsisted,8497,between,826
substance,8498,did,2347
substituting,8499,that,8810
subtle,8500,effect,2780
subtracted,8501,her,4163
suburbanity,8502,she,7844
succeed,8503,in,4492
succeeded,8504,in,4492
succeeding,8505,moments,5678
success,8506,had,3972
successful,8507,piece,6508
successfully,8508,concealed,1680
successive,8509,mornings,5727
succumb,8510,to,8982
succumbed,8511,lawyers,5052
such,8512,a,1
suchlike,8513,ridders,7377
sucked,8514,in,4492
sucking,8515,in,4492
sudden,8516,access,47
suddenly,8517,and,320
suddenness,8518,of,6056
sueing,8519,for,3480
suffer,8520,a,1
suffered,8521,herself,4189
suffering,8522,eyes,3136
sufficiently,8523,far,3191
suffrage,8524,without,9833
suffused,8525,and,320
sugar,8526,dr,2593
suggest,8527,it,4780
suggested,8528,some,8149
suggestion,8529,of,6056
suicide,8530,he,4084
suicidehe,8531,says,7584
suit,8532,anxiously,365
suitable,8533,wife,9771
suiting,8534,at,530
suitor,8535,when,9709
suitors,8536,for,3480
suld,8537,it,4780
sulkily,8538,cote,1888
sulking,8539,at,530
sulky,8540,girl,3762
sulkyface,8541,ay,623
sullen,8542,acquiescence,75
sullens,8543,as,483
summer,8544,night,5916
summers,8545,afternoon,184
summerst,8546,johns,4845
summoned,8547,attended,548
summoning,8548,her,4163
summons,8549,intended,4669
sun,8550,and,320
sunda,8551,but,1154
sunday,8552,morning,5725
sundays,8553,adelaide,111
sundry,8554,persons,6460
sunk,8555,below,797
sunken,8556,chin,1414
sunlight,8557,gardens,3688
sunshine,8558,wallburn,9568
sup,8559,later,5031
superficial,8560,bloom,913
superior,8561,lady,4982
supernumerary,8562,years,9951
superseded,8563,so,8104
superstition,8564,that,8810
superstitious,8565,but,1154
supervision,8566,on,6089
supper,8567,was,9600
suppers,8568,laid,4988
suppertables,8569,in,4492
supplanted,8570,is,4765
supplied,8571,herself,4189
supply,8572,had,3972
support,8573,the,8815
supported,8574,on,6089
supports,8575,of,6056
suppose,8576,you,9974
supposed,8577,to,8982
supposeshe,8578,tossed,9033
supposing,8579,she,7844
suppressed,8580,shudder,7922
suppurating,8581,he,4084
supreme,8582,bit,864
sure,8583,of,6056
surehes,8584,not,5963
surely,8585,a,1
surer,8586,than,8804
surface,8587,give,3768
surfaces,8588,displayed,2475
surged,8589,into,4719
surgery,8590,i,4384
surging,8591,backwards,636
surly,8592,fellow,3269
surmised,8593,that,8810
surmises,8594,and,320
surprise,8595,to,8982
surprised,8596,at,530
surrender,8597,had,3972
surrendered,8598,without,9833
surrounded,8599,i,4384
surrounding,8600,blackness,877
survey,8601,the,8815
surveyed,8602,the,8815
survival,8603,and,320
survive,8604,without,9833
survived,8605,in,4492
surviving,8606,but,1154
susceptible,8607,weak,9633
suspect,8608,that,8810
suspected,8609,he,4084
suspended,8610,her,4163
suspension,8611,of,6056
suspicion,8612,of,6056
suspicions,8613,of,6056
suspiciously,8614,her,4163
sustenance,8615,at,530
suttee,8616,like,5153
swaggering,8617,from,3606
swale,8618,mantled,5395
swallowed,8619,up,9383
swam,8620,with,9825
swamp,8621,our,6167
swarkstone,8622,no,5928
swarkstonei,8623,saw,7577
swathes,8624,of,6056
sway,8625,over,6194
swayed,8626,her,4163
sways,8627,us,9399
swear,8628,at,530
swearing,8629,though,8901
sweat,8630,already,277
sweating,8631,panting,6280
sweatmeats,8632,he,4084
sweep,8633,in,4492
sweeping,8634,length,5099
sweet,8635,headlong,4089
sweeter,8636,to,8982
sweetest,8637,cleverest,1502
sweetheart,8638,and,320
sweethearts,8639,her,4163
sweetly,8640,and,320
sweets,8641,dubiously,2679
swell,8642,them,8822
swelled,8643,and,320
swept,8644,a,1
swerve,8645,said,7521
swerved,8646,for,3480
swift,8647,hansom,4025
swiftly,8648,put,6951
swimming,8649,eyes,3136
swing,8650,door,2566
swinged,8651,our,6167
swinging,8652,lantern,5011
swinish,8653,but,1154
swirling,8654,a,1
switch,8655,she,7844
swollen,8656,unrecognizable,9347
sword,8657,driving,2650
swore,8658,again,187
sworn,8659,was,9600
swung,8660,a,1
symbol,8661,the,8815
sympathetic,8662,in,4492
sympathetically,8663,miss,5633
sympathies,8664,when,9709
sympathy,8665,with,9825
symptom,8666,of,6056
symptoms,8667,of,6056
synonymous,8668,with,9825
system,8669,of,6056
systematic,8670,neglect,5875
systematically,8671,illtreated,4420
table,8672,she,7844
tableau,8673,mrs,5782
tables,8674,for,3480
tacit,8675,agreement,211
tacitly,8676,assumed,519
taciturn,8677,man,5377
taciturnity,8678,oh,6073
tact,8679,never,5904
tactfulness,8680,and,320
tactics,8681,on,6089
tactless,8682,hilary,4218
tactlessness,8683,like,5153
tactthats,8684,everything,3003
tail,8685,in,4492
tails,8686,which,9719
taint,8687,right,7384
take,8688,her,4163
taken,8689,the,8815
takes,8690,a,1
taking,8691,her,4163
tale,8692,maam,5331
talent,8693,for,3480
tales,8694,of,6056
talk,8695,to,8982
talked,8696,to,8982
talking,8697,to,8982
talks,8698,of,6056
tall,8699,and,320
taller,8700,she,7844
tallied,8701,exactly,3018
tame,8702,manner,5387
tamely,8703,died,2351
tangibility,8704,punish,6925
tangled,8705,borders,977
tantalus,8706,betokened,816
tantrums,8707,captain,1230
tape,8708,winding,9794
taper,8709,goodnight,3834
tapes,8710,across,80
tapestry,8711,portiere,6657
tapped,8712,the,8815
tapping,8713,his,4242
tarred,8714,with,9825
task,8715,of,6056
taskmaster,8716,in,4492
tasks,8717,he,4084
taste,8718,for,3480
tasted,8719,of,6056
tastes,8720,which,9719
tattered,8721,and,320
taught,8722,me,5465
taunt,8723,him,4225
taunton,8724,next,5912
taut,8725,now,5987
tawdry,8726,lace,4968
tax,8727,exempt,3056
taxed,8728,with,9825
taxes,8729,the,8815
taxi,8730,fare,3194
taxicabs,8731,stood,8377
tea,8732,as,483
teaat,8733,once,6090
teacher,8734,says,7584
teacups,8735,and,320
teagown,8736,was,9600
teagowntea,8737,gown,3844
teahour,8738,free,3571
tealeaves,8739,she,7844
teanice,8740,hot,4314
tear,8741,her,4163
tears,8742,and,320
tearstained,8743,face,3138
teas,8744,had,3972
tease,8745,him,4225
teased,8746,by,1166
teatable,8747,so,8104
technical,8748,and,320
technically,8749,regretted,7156
tedious,8750,accessories,51
tediousness,8751,with,9825
teens,8752,some,8149
teeth,8753,adelaides,114
telegram,8754,was,9600
telegraph,8755,which,9719
telegraphed,8756,to,8982
telephone,8757,for,3480
telephoned,8758,through,8925
tell,8759,you,9974
telling,8760,me,5465
tells,8761,them,8822
temper,8762,and,320
temperament,8763,a,1
temperamental,8764,reasons,7076
temple,8765,and,320
temples,8766,descended,2272
temporarily,8767,crippled,1986
temporary,8768,estrangement,2971
tempted,8769,them,8822
ten,8770,years,9951
tended,8771,her,4163
tendencies,8772,which,9719
tendency,8773,of,6056
tender,8774,you,9974
tenderer,8775,more,5721
tenderhearted,8776,except,3029
tenderly,8777,as,483
tenderness,8778,and,320
tendernessyour,8779,heart,4108
tendrils,8780,of,6056
tenfold,8781,vigour,9485
tenierslike,8782,vision,9504
tennyson,8783,would,9905
tenor,8784,of,6056
tensely,8785,quickened,6977
tenshes,8786,fifteen,3311
tension,8787,and,320
tentatively,8788,yet,9962
terms,8789,of,6056
terrace,8790,so,8104
terrible,8791,antithesis,359
terribly,8792,long,5250
terrier,8793,lame,4992
terror,8794,a,1
terrorstricken,8795,audacity,567
tester,8796,was,9600
testified,8797,to,8982
testily,8798,i,4384
testimony,8799,of,6056
tew,8800,hannah,4022
text,8801,end,2879
texts,8802,not,5963
tha,8803,because,731
than,8804,a,1
thank,8805,you,9974
thanked,8806,me,5465
thankful,8807,he,4084
thanking,8808,you,9974
thanks,8809,as,483
that,8810,she,7844
thatfor,8811,a,1
thatll,8812,show,7903
thator,8813,a,1
thats,8814,what,9700
the,8815,other,6160
theatre,8816,and,320
theatrical,8817,circles,1452
thee,8818,o,6007
thehe,8819,named,5831
their,8820,own,6222
theirs,8821,when,9709
them,8822,and,320
themare,8823,dont,2563
theme,8824,for,3480
themfeel,8825,things,8875
themhave,8826,got,3839
themhis,8827,mother,5733
themi,8828,had,3972
themmust,8829,search,7666
themonly,8830,perhaps,6433
themselves,8831,and,320
themthe,8832,hall,3994
then,8833,she,7844
thence,8834,could,1895
thenhow,8835,i,4384
theni,8836,must,5809
thenif,8837,he,4084
thenshe,8838,had,3972
thenwell,8839,suppose,8576
theoretic,8840,adelaide,111
theories,8841,and,320
theory,8842,of,6056
there,8843,was,9600
therea,8844,lady,4982
thereall,8845,aloneall,271
therecame,8846,home,4268
therefore,8847,continue,1793
therehe,8848,couldnt,1896
therei,8849,would,9905
therein,8850,the,8815
thereit,8851,came,1199
therejust,8852,come,1602
therenot,8853,yetthats,9964
theres,8854,a,1
thereso,8855,much,5784
therethe,8856,prince,6793
therewaiting,8857,for,3480
therewith,8858,what,9700
therewrote,8859,some,8149
these,8860,years,9951
they,8861,were,9692
theyd,8862,had,3972
theyll,8863,accept,43
theyre,8864,a,1
theyve,8865,gone,3823
thick,8866,and,320
thickened,8867,and,320
thief,8868,edward,2778
thieves,8869,to,8982
thin,8870,hand,3999
thine,8871,only,6102
thing,8872,she,7844
thinghe,8873,never,5904
thingit,8874,gave,3712
things,8875,in,4492
thingsfor,8876,instance,4643
thingsmight,8877,be,700
thingsthat,8878,i,4384
thingwhen,8879,he,4084
think,8880,of,6056
thinking,8881,of,6056
thinkno,8882,i,4384
thinknowdo,8883,you,9974
thinks,8884,of,6056
thinkst,8885,tha,8803
thinkthink,8886,of,6056
third,8887,nothing,5968
thirteen,8888,a,1
thirty,8889,each,2719
thirtyfive,8890,and,320
this,8891,agreement,211
thisby,8892,comparisoncheerful,1642
thisdarling,8893,my,5817
thishe,8894,was,9600
thither,8895,like,5153
thole,8896,holes,4263
thorough,8897,revenge,7346
thoroughly,8898,all,247
those,8899,two,9195
thou,8900,god,3811
though,8901,she,7844
thought,8902,of,6056
thoughtfully,8903,examine,3022
thoughtgod,8904,knows,4960
thoughti,8905,made,5343
thoughtless,8906,misery,5628
thoughts,8907,always,290
thousand,8908,pounds,6691
thoust,8909,not,5963
thrash,8910,the,8815
thrashing,8911,out,6170
thread,8912,of,6056
threaded,8913,the,8815
threatening,8914,letter,5109
three,8915,miles,5589
threshold,8916,of,6056
threw,8917,away,603
thro,8918,the,8815
throat,8919,ache,68
throaty,8920,the,8815
throes,8921,that,8810
throne,8922,of,6056
thronging,8923,marketplace,5413
throttle,8924,herself,4189
through,8925,the,8815
throughquality,8926,theatre,8816
throughthey,8927,call,1188
throughthough,8928,whats,9703
throw,8929,his,4242
throwing,8930,down,2583
thrown,8931,aside,495
thrust,8932,but,1154
thud,8933,of,6056
thumb,8934,and,320
thunder,8935,and,320
thundered,8936,and,320
thundering,8937,long,5250
thus,8938,able,12
thy,8939,great,3879
tick,8940,of,6056
ticked,8941,as,483
ticket,8942,for,3480
tidings,8943,of,6056
tidying,8944,up,9383
tie,8945,and,320
tied,8946,up,9383
tiger,8947,and,320
tigers,8948,and,320
tigerskin,8949,a,1
tight,8950,enough,2909
tightly,8951,round,7453
till,8952,i,4384
tilt,8953,they,8861
tilting,8954,forward,3536
tim,8955,jobling,4838
timber,8956,the,8815
time,8957,she,7844
timekeeper,8958,cased,1272
timeonly,8959,for,3480
times,8960,and,320
timethe,8961,time,8957
timid,8962,reticences,7327
timidity,8963,she,7844
timidly,8964,offered,6062
timorously,8965,away,603
tin,8966,platter,6578
tinged,8967,with,9825
tinglings,8968,growlings,3924
tinkled,8969,as,483
tip,8970,and,320
tire,8971,of,6056
tired,8972,and,320
tiresome,8973,children,1404
tiresomely,8974,lung,5323
tis,8975,all,247
tisnt,8976,manners,5388
tissuepaper,8977,and,320
titbits,8978,and,320
tite,8979,street,8428
title,8980,tales,8694
titles,8981,and,320
to,8982,the,8815
toadstool,8983,in,4492
toast,8984,before,754
today,8985,and,320
todays,8986,paper,6283
toff,8987,nice,5913
together,8988,and,320
togethernow,8989,talking,8697
togethertravelling,8990,at,530
toil,8991,and,320
token,8992,of,6056
told,8993,her,4163
toleave,8994,my,5817
tolerance,8995,and,320
tolerate,8996,about,18
tolerated,8997,looked,5259
toll,8998,to,8982
tomb,8999,is,4765
tommy,9000,vavasor,9450
tomorrow,9001,i,4384
tomorrowby,9002,special,8207
tone,9003,of,6056
tones,9004,as,483
tonesof,9005,the,8815
tongue,9006,and,320
tonguetied,9007,no,5928
tonic,9008,liquid,5195
tonight,9009,and,320
too,9010,much,5784
took,9011,it,4780
tools,9012,he,4084
toonow,9013,dont,2563
tooshe,9014,feels,3265
tooth,9015,in,4492
toothless,9016,wornout,9889
toourselves,9017,to,8982
top,9018,of,6056
topboots,9019,with,9825
topics,9020,outraged,6183
topknot,9021,knowing,4956
tops,9022,it,4780
tore,9023,it,4780
tormenting,9024,expression,3105
torments,9025,sometimes,8155
torn,9026,from,3606
tortoiseshell,9027,pincenez,6523
torture,9028,i,4384
tortured,9029,battleground,695
torturethere,9030,is,4765
toso,9031,young,9983
toss,9032,on,6089
tossed,9033,her,4163
tossing,9034,over,6194
tottered,9035,a,1
tottering,9036,reason,7072
touch,9037,of,6056
touched,9038,his,4242
touches,9039,him,4225
touching,9040,delusion,2224
tourists,9041,peered,6389
tourney,9042,its,4791
tousled,9043,letter,5109
touzled,9044,one,6093
towards,9045,the,8815
towed,9046,well,9671
towel,9047,round,7453
towels,9048,talked,8696
town,9049,and,320
townbleached,9050,cheeks,1374
towns,9051,before,754
toyed,9052,with,9825
toying,9053,with,9825
toys,9054,sweatmeats,8632
traced,9055,from,3606
track,9056,a,1
tracked,9057,me,5465
trade,9058,there,8843
trademark,9059,license,5124
trademarkcopyright,9060,agreement,211
tradesmen,9061,never,5904
tradespeopleshould,9062,i,4384
tragedies,9063,alice,235
tragedy,9064,adelaide,111
tragic,9065,circumstances,1457
trail,9066,out,6170
trailed,9067,along,275
trailing,9068,a,1
train,9069,and,320
traindeluxe,9070,passenger,6332
trained,9071,and,320
training,9072,might,5583
trains,9073,when,9709
tramp,9074,woman,9843
trance,9075,the,8815
tranquil,9076,in,4492
transcribe,9077,and,320
transcribers,9078,notes,5967
transcription,9079,errors,2955
transference,9080,parties,6316
transfixed,9081,the,8815
transition,9082,between,826
transitorily,9083,on,6089
transitory,9084,ripple,7397
translated,9085,in,4492
translation,9086,from,3606
transmogrify,9087,her,4163
trap,9088,and,320
trapped,9089,fly,3445
travail,9090,of,6056
travel,9091,again,187
travelled,9092,between,826
traveller,9093,for,3480
travellers,9094,he,4084
travelling,9095,about,18
travels,9096,this,8891
traversed,9097,his,4242
traversing,9098,and,320
tray,9099,it,4780
trays,9100,lined,5179
treacherous,9101,invitation,4741
treasure,9102,house,4319
treat,9103,a,1
treated,9104,him,4225
treating,9105,as,483
treatment,9106,of,6056
tree,9107,in,4492
trees,9108,that,8810
tremble,9109,id,4385
trembled,9110,on,6089
trembling,9111,no,5928
tremendous,9112,she,7844
tremendously,9113,excited,3040
trend,9114,of,6056
trepidation,9115,a,1
trial,9116,and,320
trials,9117,that,8810
tribute,9118,to,8982
tricks,9119,all,247
tried,9120,to,8982
trifle,9121,could,1895
trifling,9122,incident,4511
trim,9123,rather,7038
trinkets,9124,there,8843
trip,9125,she,7844
tripos,9126,at,530
tristan,9127,he,4084
triumph,9128,lighted,5144
triumphantly,9129,there,8843
triumphedand,9130,arranged,466
triumphing,9131,then,8833
triumphsshe,9132,herself,4189
trivial,9133,duties,2702
triviality,9134,as,483
troop,9135,and,320
trooper,9136,tim,8955
troopers,9137,had,3972
troops,9138,or,6133
tropical,9139,island,4767
trot,9140,along,275
trothplight,9141,to,8982
trothplightedthey,9142,were,9692
trotting,9143,at,530
trouble,9144,to,8982
troublea,9145,more,5721
troubled,9146,her,4163
troubles,9147,and,320
troublesome,9148,world,9882
truants,9149,oh,6073
true,9150,and,320
truer,9151,development,2326
truly,9152,grateful,3864
trumpet,9153,call,1188
trust,9154,me,5465
trusted,9155,themi,8828
trusty,9156,stick,8348
truth,9157,hes,4197
try,9158,to,8982
trying,9159,to,8982
trysting,9160,places,6554
trystingplace,9161,bordered,976
ttettes,9162,had,3972
tub,9163,so,8104
tucked,9164,up,9383
tufts,9165,and,320
tuition,9166,of,6056
tumbled,9167,waters,9617
tumult,9168,and,320
tune,9169,of,6056
turbid,9170,below,797
turkey,9171,carpet,1256
turn,9172,of,6056
turned,9173,to,8982
turning,9174,her,4163
turnips,9175,and,320
turns,9176,my,5817
turpitude,9177,or,6133
turrets,9178,of,6056
tutor,9179,at,530
twas,9180,her,4163
twelfth,9181,of,6056
twelve,9182,years,9951
twentieth,9183,time,8957
twentyfive,9184,the,8815
twentyfour,9185,hours,4318
twice,9186,a,1
twilight,9187,but,1154
twill,9188,frighten,3592
twinkled,9189,with,9825
twinkling,9190,goodhumouredly,3829
twist,9191,of,6056
twisted,9192,his,4242
twisting,9193,figure,3317
twittering,9194,of,6056
two,9195,women,9849
twor,9196,a,1
twould,9197,be,700
type,9198,and,320
types,9199,of,6056
typhoid,9200,fever,3293
tyrant,9201,had,3972
ugly,9202,bare,664
ultimate,9203,publication,6906
ultimately,9204,reaching,7050
umbrella,9205,into,4719
unable,9206,to,8982
unaccountable,9207,vehemence,9453
unaccountably,9208,enough,2909
unaccountedfor,9209,moments,5678
unaccustomed,9210,black,873
unacquainted,9211,seemingly,7702
unappetizing,9212,and,320
unappreciative,9213,of,6056
unattended,9214,up,9383
unattractive,9215,and,320
unavoidably,9216,jerked,4824
unbearable,9217,douche,2581
unbearably,9218,arrogant,472
unbecoming,9219,crosslights,1999
unbend,9220,she,7844
unborn,9221,implied,4466
uncanny,9222,eh,2797
uncarpeted,9223,low,5296
uncertain,9224,deprecating,2256
unchanged,9225,in,4492
unchaperoned,9226,state,8322
unchildish,9227,child,1395
uncivilized,9228,woman,9843
uncle,9229,even,2986
unclosed,9230,her,4163
uncomfortable,9231,and,320
uncommon,9232,dull,2686
uncomplaining,9233,at,530
uncompromising,9234,exact,3016
uncongenial,9235,helpmate,4153
unconscious,9236,cunning,2036
unconsciously,9237,deviated,2327
uncontrollable,9238,by,1166
uncontrollably,9239,as,483
unconventional,9240,adelaide,111
unconventionality,9241,of,6056
uncounted,9242,progeny,6837
uncover,9243,them,8822
uncovered,9244,leaving,5080
uncrossing,9245,his,4242
undeniable,9246,guarantee,3937
under,9247,the,8815
underbred,9248,voice,9522
underfed,9249,and,320
undergarments,9250,were,9692
undergone,9251,but,1154
undergrowth,9252,grew,3893
underlip,9253,which,9719
understand,9254,she,7844
understanding,9255,had,3972
understands,9256,he,4084
understood,9257,each,2719
understoodshe,9258,was,9600
underswell,9259,of,6056
undertake,9260,to,8982
undertaking,9261,a,1
undertook,9262,the,8815
undeserved,9263,death,2151
undesirable,9264,for,3480
undeveloped,9265,man,5377
undeviating,9266,line,5178
undo,9267,it,4780
undoubtedly,9268,a,1
undress,9269,the,8815
undressed,9270,and,320
undue,9271,exhibition,3062
undying,9272,fidelity,3304
unearned,9273,and,320
unearthly,9274,bumpings,1128
uneasily,9275,at,530
uneasiness,9276,and,320
uneasy,9277,author,574
uneducated,9278,voice,9522
unenforceability,9279,of,6056
uneven,9280,they,8861
uneventful,9281,time,8957
unexpected,9282,by,1166
unfairly,9283,persisted,6451
unfaithful,9284,to,8982
unfaltering,9285,loyalty,5305
unfastened,9286,the,8815
unfit,9287,to,8982
unfitness,9288,for,3480
unfitnessof,9289,beastliness,716
unfitting,9290,her,4163
unflattering,9291,parallels,6292
unfortunately,9292,you,9974
unframed,9293,concave,1678
unfriendly,9294,disgusted,2445
ungathered,9295,madam,5341
ungracious,9296,child,1395
unhappy,9297,he,4084
unhealed,9298,soressuppurating,8170
unhealthy,9299,unnecessary,9331
unheeding,9300,listeners,5203
unhinging,9301,yourself,9994
unholy,9302,theories,8841
uniform,9303,and,320
unimpeachable,9304,if,4397
uninitiated,9305,in,4492
uninstructed,9306,eye,3130
unique,9307,scion,7614
unison,9308,they,8861
united,9309,states,8325
universe,9310,as,483
unked,9311,weather,9649
unkind,9312,to,8982
unkindly,9313,but,1154
unkissed,9314,he,4084
unknown,9315,had,3972
unless,9316,he,4084
unlike,9317,her,4163
unlink,9318,or,6133
unlit,9319,boudoirs,996
unluckily,9320,she,7844
unmaidenly,9321,you,9974
unmanned,9322,never,5904
unmarried,9323,and,320
unmentionable,9324,time,8957
unmistakably,9325,to,8982
unmodulated,9326,voice,9522
unmothered,9327,unchaperoned,9226
unnatural,9328,mother,5733
unnaturalness,9329,if,4397
unnecessarily,9330,brutal,1106
unnecessary,9331,all,247
unnoticed,9332,she,7844
unparliamentary,9333,language,5006
unpetted,9334,neglected,5876
unpicturesquely,9335,lovesick,5292
unpleasant,9336,and,320
unpleasing,9337,was,9600
unpolished,9338,surfaces,8588
unpractical,9339,to,8982
unpreoccupied,9340,by,1166
unprepossessing,9341,unpleasant,9336
unprobed,9342,corners,1864
unprotected,9343,by,1166
unquestioningly,9344,he,4084
unreal,9345,in,4492
unreasonable,9346,prayersare,6712
unrecognizable,9347,gutter,3963
unrighteous,9348,things,8875
unrolled,9349,itself,4792
unruly,9350,cattle,1292
unsafe,9351,the,8815
unsearchable,9352,behold,777
unseeing,9353,she,7844
unseen,9354,i,4384
unsettling,9355,and,320
unsmiling,9356,appeared,399
unsociable,9357,indeed,4537
unsolicited,9358,donations,2559
unspeculative,9359,eyes,3136
unsteadily,9360,swaggering,8617
unsuccessful,9361,sounds,8184
unsuitable,9362,length,5099
unsusceptible,9363,like,5153
unsuspected,9364,bourgeois,1007
unsympathetic,9365,but,1154
unsympathy,9366,theyre,8864
untethered,9367,but,1154
untidiest,9368,soul,8179
untie,9369,the,8815
untied,9370,for,3480
until,9371,the,8815
unto,9372,death,2151
unused,9373,i,4384
unusual,9374,and,320
unversed,9375,in,4492
unvisited,9376,dust,2697
unwell,9377,she,7844
unwholesome,9378,brat,1030
unwieldy,9379,so,8104
unwillingly,9380,remembering,7209
unwitting,9381,he,4084
unwound,9382,the,8815
up,9383,to,8982
upbringing,9384,left,5088
updated,9385,editions,2772
upheaval,9386,he,4084
upheavals,9387,are,441
upon,9388,the,8815
upper,9389,fastnesses,3221
upright,9390,in,4492
upset,9391,you,9974
upstairs,9392,to,8982
upstanding,9393,flowers,3437
uptheres,9394,a,1
upwhats,9395,left,5088
urged,9396,the,8815
urgent,9397,necessity,5864
urgently,9398,all,247
us,9399,all,247
usa,9400,email,2837
usage,9401,sat,7557
usall,9402,the,8815
use,9403,of,6056
used,9404,to,8982
usedcame,9405,from,3606
usedeven,9406,hardened,4039
useful,9407,in,4492
useless,9408,accesses,49
user,9409,provide,6889
usher,9410,in,4492
ushered,9411,into,4719
using,9412,this,8891
usperhaps,9413,you,9974
usual,9414,he,4084
usually,9415,buried,1135
utilitarian,9416,and,320
utility,9417,my,5817
utterances,9418,of,6056
uttering,9419,the,8815
vacated,9420,by,1166
vacillating,9421,light,5143
vacuity,9422,and,320
vacuum,9423,all,247
vagranthearted,9424,daughter,2117
vague,9425,a,1
vaguely,9426,meantime,5479
vagueness,9427,i,4384
vain,9428,and,320
valenciennes,9429,lace,4968
valet,9430,yes,9959
validity,9431,of,6056
valley,9432,that,8810
valuable,9433,furs,3654
value,9434,affection,171
values,9435,took,9011
vampire,9436,reversed,7352
vance,9437,was,9600
vances,9438,domain,2549
vanilla,9439,ascii,488
vanishing,9440,waist,9551
vanity,9441,the,8815
vapid,9442,reflection,7135
variation,9443,in,4492
varied,9444,occupant,6046
variegated,9445,hangings,4020
variety,9446,of,6056
various,9447,efforts,2788
vary,9448,skilfully,8002
vast,9449,experiment,3087
vavasor,9450,but,1154
vegetable,9451,cultivation,2033
vegetables,9452,away,603
vehemence,9453,oh,6073
vehemently,9454,that,8810
vehicle,9455,and,320
veil,9456,and,320
veiled,9457,in,4492
veldt,9458,on,6089
velvet,9459,they,8861
vented,9460,her,4163
venture,9461,to,8982
ventured,9462,at,530
verbally,9463,at,530
verdict,9464,and,320
verdure,9465,now,5987
verge,9466,of,6056
verily,9467,believe,785
vermin,9468,in,4492
version,9469,posted,6680
very,9470,little,5214
verya,9471,little,5214
vessels,9472,as,483
vexing,9473,of,6056
vicar,9474,had,3972
vicarage,9475,and,320
vice,9476,exactly,3018
vicious,9477,emphasis,2857
victim,9478,calmly,1196
victims,9479,as,483
victorious,9480,he,4084
view,9481,of,6056
viewed,9482,copied,1845
viewing,9483,displaying,2476
views,9484,and,320
vigour,9485,and,320
vile,9486,could,1895
villa,9487,at,530
village,9488,curiosity,2044
vindictive,9489,and,320
vindictively,9490,on,6089
violated,9491,tantalus,8706
violates,9492,the,8815
violence,9493,of,6056
violent,9494,contraction,1799
violently,9495,against,188
violet,9496,hunt,4364
viper,9497,crossed,1997
virtue,9498,out,6170
virtueconsequently,9499,her,4163
virulence,9500,and,320
virus,9501,or,6133
viscous,9502,with,9825
visible,9503,it,4780
vision,9504,and,320
visionary,9505,well,9671
visit,9506,wwwgutenbergorgdonate,9942
visited,9507,her,4163
visiting,9508,doctors,2524
visitor,9509,and,320
visitors,9510,as,483
visits,9511,to,8982
visvis,9512,that,8810
vital,9513,heat,4117
vitality,9514,dulling,2687
vitals,9515,in,4492
vivacity,9516,dont,2563
vive,9517,after,183
vivid,9518,most,5731
vividly,9519,that,8810
vocal,9520,rubadubbing,7469
vogue,9521,at,530
voice,9522,and,320
voicefor,9523,good,3826
voices,9524,ceased,1303
voicethe,9525,doctor,2523
voicetheres,9526,a,1
void,9527,that,8810
volage,9528,and,320
volatile,9529,lady,4982
volubly,9530,biscuits,862
voluntary,9531,effort,2787
volunteer,9532,start,8314
volunteered,9533,no,5928
volunteers,9534,and,320
voluptuously,9535,into,4719
vote,9536,and,320
vouchsafe,9537,adelaide,111
vouchsafed,9538,a,1
vow,9539,the,8815
vows,9540,that,8810
voyage,9541,of,6056
vulgar,9542,archness,439
waft,9543,of,6056
waged,9544,within,9831
wages,9545,at,530
wagged,9546,he,4084
wagonette,9547,turned,9173
wagons,9548,on,6089
waif,9549,lifting,5142
wailed,9550,and,320
waist,9551,and,320
wait,9552,till,8952
waited,9553,for,3480
waiters,9554,gliding,3788
waiting,9555,for,3480
waitinghas,9556,been,747
waitinghe,9557,took,9011
wake,9558,him,4225
waken,9559,them,8822
waking,9560,in,4492
wald,9561,ensor,2914
walk,9562,and,320
walked,9563,through,8925
walking,9564,above,20
walks,9565,and,320
wall,9566,on,6089
wallace,9567,marks,5415
wallburn,9568,hall,3994
walled,9569,it,4780
walleyed,9570,knockkneed,4950
walls,9571,was,9600
wallsshe,9572,had,3972
walnuts,9573,and,320
walters,9574,keep,4890
walton,9575,had,3972
waltons,9576,cheery,1378
wand,9577,at,530
wandered,9578,about,18
wandering,9579,about,18
want,9580,to,8982
wanted,9581,to,8982
wants,9582,to,8982
wapping,9583,or,6133
ward,9584,off,6057
wardrobe,9585,or,6133
wards,9586,at,530
warehoused,9587,so,8104
warily,9588,round,7453
warm,9589,and,320
warmth,9590,and,320
warn,9591,you,9974
warningly,9592,no,5928
warp,9593,inherent,4599
warped,9594,little,5214
warrant,9595,and,320
warranted,9596,never,5904
warranties,9597,of,6056
warranty,9598,disclaimer,2412
warrior,9599,this,8891
was,9600,a,1
wasa,9601,very,9470
wash,9602,and,320
washed,9603,away,603
washhouse,9604,and,320
washing,9605,had,3972
washis,9606,power,6698
wasnt,9607,it,4780
waste,9608,exemplified,3055
wasted,9609,except,3029
watch,9610,and,320
watchchain,9611,was,9600
watched,9612,her,4163
watches,9613,pinned,6529
watching,9614,his,4242
watchung,9615,plaza,6584
water,9616,at,530
waters,9617,of,6056
waterway,9618,below,797
watery,9619,smile,8070
wattle,9620,waiting,9555
wave,9621,her,4163
waved,9622,hair,3979
wavering,9623,like,5153
waves,9624,over,6194
waving,9625,her,4163
waxen,9626,mask,5431
way,9627,of,6056
wayhe,9628,lifted,5141
waylay,9629,him,4225
ways,9630,are,441
wayward,9631,mistresses,5647
we,9632,have,4077
weak,9633,and,320
weaken,9634,his,4242
weakened,9635,thats,8814
weakling,9636,bone,961
weaklings,9637,that,8810
weakly,9638,and,320
weakness,9639,such,8512
wealth,9640,are,441
weapon,9641,all,247
wear,9642,a,1
wearies,9643,am,291
wearily,9644,about,18
weariness,9645,so,8104
wearing,9646,and,320
weary,9647,feet,3267
wearying,9648,for,3480
weather,9649,for,3480
weatherglass,9650,in,4492
web,9651,pages,6241
website,9652,and,320
wed,9653,all,247
wedbut,9654,the,8815
wedding,9655,our,6167
weeded,9656,it,4780
weeding,9657,of,6056
weeds,9658,seemed,7700
weedy,9659,cumbrous,2035
week,9660,ago,199
weeks,9661,ago,199
weeping,9662,they,8861
weigh,9663,more,5721
weight,9664,on,6089
weighted,9665,and,320
weighton,9666,and,320
weighty,9667,my,5817
welcome,9668,he,4084
welcomed,9669,the,8815
welfare,9670,the,8815
well,9671,as,483
wellas,9672,she,7844
wellbred,9673,woman,9843
wellcoloured,9674,the,8815
welldressed,9675,and,320
wellfitting,9676,grey,3894
wellfound,9677,troop,9135
wellgroomed,9678,flakes,3378
welli,9679,told,8993
wellknown,9680,love,5282
wellmanaged,9681,school,7606
wellregulated,9682,pleasureloving,6597
wellseasoned,9683,travellers,9094
wellthe,9684,way,9627
wellworn,9685,wooden,9863
welsh,9686,family,3183
welshmanfor,9687,three,8915
weltering,9688,sea,7660
wench,9689,over,6194
went,9690,on,6089
wept,9691,silently,7956
were,9692,a,1
wereages,9693,and,320
wereas,9694,i,4384
werent,9695,looking,5260
west,9696,kensington,4896
wet,9697,knife,4945
weve,9698,all,247
weyou,9699,and,320
what,9700,i,4384
whatever,9701,she,7844
whatll,9702,you,9974
whats,9703,that,8810
whatsoever,9704,you,9974
whatten,9705,hole,4262
wheel,9706,but,1154
wheels,9707,of,6056
wheezily,9708,it,4780
when,9709,he,4084
whence,9710,the,8815
whenever,9711,it,4780
where,9712,the,8815
wherein,9713,it,4780
whereon,9714,in,4492
wheres,9715,that,8810
wherever,9716,can,1201
wherewithal,9717,to,8982
whether,9718,i,4384
which,9719,she,7844
whichever,9720,it,4780
whiff,9721,of,6056
while,9722,the,8815
whilst,9723,mary,5427
whim,9724,i,4384
whimpering,9725,breaths,1052
whine,9726,and,320
whined,9727,very,9470
whines,9728,at,530
whining,9729,kittens,4935
whip,9730,the,8815
whirled,9731,away,603
whisht,9732,whisht,9732
whiskey,9733,and,320
whisper,9734,a,1
whispered,9735,the,8815
whispering,9736,and,320
whispers,9737,of,6056
whistled,9738,my,5817
whistling,9739,for,3480
whit,9740,i,4384
white,9741,and,320
whiteaproned,9742,figure,3317
whiteblanched,9743,with,9825
whitecapped,9744,creature,1968
whitehanded,9745,proud,6884
whiteleys,9746,sale,7531
whiteness,9747,all,247
whiterobed,9748,form,3514
whitewashed,9749,lath,5034
who,9750,had,3972
whoap,9751,go,3807
whoever,9752,it,4780
whole,9753,of,6056
wholesale,9754,for,3480
wholesome,9755,candy,1205
wholly,9756,pretty,6775
whom,9757,he,4084
whos,9758,been,747
whose,9759,business,1147
why,9760,should,7895
wi,9761,a,1
wicked,9762,easygoing,2746
wicker,9763,chair,1323
wide,9764,open,6109
widespread,9765,public,6905
widest,9766,array,469
widow,9767,and,320
widowed,9768,lady,4982
widows,9769,inexpressive,4579
wielded,9770,it,4780
wife,9771,to,8982
wifea,9772,power,6698
wifeare,9773,one,6093
wifeno,9774,wife,9771
wifes,9775,boast,940
wig,9776,was,9600
wild,9777,to,8982
wilderness,9778,of,6056
wiles,9779,my,5817
wilful,9780,mightiness,5584
will,9781,be,700
william,9782,dysart,2716
willie,9783,i,4384
willing,9784,to,8982
willingly,9785,made,5343
willingness,9786,to,8982
wilson,9787,the,8815
wilt,9788,a,1
wimbledon,9789,had,3972
winced,9790,and,320
wind,9791,and,320
windblown,9792,taper,8709
winddriven,9793,showers,7906
winding,9794,it,4780
window,9795,and,320
windowbar,9796,of,6056
windowhis,9797,eyes,3136
windowhole,9798,to,8982
windows,9799,that,8810
windowsthen,9800,back,631
windsor,9801,and,320
windy,9802,but,1154
wine,9803,cask,1275
wing,9804,her,4163
winged,9805,glance,3774
wings,9806,that,8810
winter,9807,eveningi,2988
wintry,9808,activity,89
wipe,9809,her,4163
wiped,9810,her,4163
wiping,9811,her,4163
wire,9812,i,4384
wiredrawn,9813,inartistic,4500
wiry,9814,figure,3317
wisdom,9815,of,6056
wise,9816,baby,627
wiser,9817,for,3480
wish,9818,you,9974
wished,9819,it,4780
wishedi,9820,had,3972
wishes,9821,and,320
wishing,9822,heartily,4111
witch,9823,and,320
witchlike,9824,appearance,397
with,9825,the,8815
witha,9826,meat,5486
withal,9827,stout,8393
withdraw,9828,and,320
withered,9829,away,603
withholdeth,9830,the,8815
within,9831,days,2128
withinher,9832,husband,4369
without,9833,a,1
witness,9834,i,4384
witnessbox,9835,yet,9962
witnessed,9836,her,4163
wits,9837,about,18
wittongilbert,9838,road,7407
wives,9839,of,6056
woefully,9840,stiff,8351
woes,9841,everard,2996
wolds,9842,a,1
woman,9843,who,9750
womanly,9844,florence,3423
womanmrs,9845,ensoris,2916
womanold,9846,bettydo,825
womans,9847,voice,9522
womanwe,9848,can,1201
women,9849,were,9692
womenfoolsthought,9850,little,5214
womenkind,9851,until,9371
womens,9852,men,5527
womenthey,9853,flash,3389
womenwant,9854,to,8982
won,9855,the,8815
wonder,9856,that,8810
wondered,9857,if,4397
wonderful,9858,child,1395
wonderfully,9859,bright,1064
wondering,9860,and,320
wont,9861,you,9974
wood,9862,and,320
wooden,9863,rail,7007
woods,9864,sally,7532
woodstack,9865,their,8820
woodwork,9866,again,187
woolgathering,9867,house,4319
woollen,9868,comforter,1609
word,9869,of,6056
wordone,9870,little,5214
words,9871,the,8815
wore,9872,a,1
work,9873,or,6133
workaday,9874,nose,5960
worked,9875,hard,4038
worker,9876,arent,445
working,9877,at,530
workman,9878,is,4765
workmanship,9879,and,320
workonly,9880,we,9632
works,9881,in,4492
world,9882,and,320
worldforce,9883,in,4492
worlds,9884,convention,1819
worldthrough,9885,you,9974
wormeaten,9886,floor,3418
worms,9887,as,483
worn,9888,a,1
wornout,9889,dog,2532
worried,9890,and,320
worries,9891,me,5465
worry,9892,me,5465
worrying,9893,him,4225
worryit,9894,culminated,2027
worse,9895,than,8804
worship,9896,alice,235
worshipped,9897,on,6089
worshippers,9898,that,8810
worships,9899,the,8815
worst,9900,he,4084
worth,9901,and,320
worthier,9902,member,5519
worthily,9903,contribute,1807
worthy,9904,of,6056
would,9905,have,4077
wouldbe,9906,forcible,3491
wouldnt,9907,let,5107
wound,9908,up,9383
wounded,9909,shoulder,7896
woundnever,9910,was,9600
wrapped,9911,the,8815
wreck,9912,poor,6646
wreckage,9913,on,6089
wrecklings,9914,one,6093
wreckpoor,9915,old,6076
wrench,9916,of,6056
wrenching,9917,his,4242
wretch,9918,went,9690
wretched,9919,little,5214
wretchedness,9920,and,320
wriggled,9921,about,18
wrinkles,9922,that,8810
wrist,9923,considered,1752
wrists,9924,that,8810
write,9925,articles,477
writer,9926,of,6056
writes,9927,for,3480
writhed,9928,under,9247
writing,9929,to,8982
writingsomething,9930,writes,9927
written,9931,explanation,3094
writtena,9932,woman,9843
wrong,9933,for,3480
wrongly,9934,addressed,109
wrongsmy,9935,own,6222
wrote,9936,to,8982
wrought,9937,by,1166
wrung,9938,from,3606
wry,9939,face,3138
wwwgutenbergorg,9940,if,4397
wwwgutenbergorgcontact,9941,section,7684
wwwgutenbergorgdonate,9942,section,7684
wwwgutenbergorglicense,9943,section,7684
wyoming,9944,when,9709
yard,9945,and,320
yards,9946,corrected,1872
yawned,9947,however,4335
yawning,9948,for,3480
ye,9949,both,989
year,9950,ago,199
years,9951,ago,199
yell,9952,sleep,8025
yelled,9953,but,1154
yellow,9954,sofa,8123
yellows,9955,several,7793
yellowshe,9956,looked,5259
yelping,9957,enemies,2887
yersels,9958,wi,9761
yes,9959,i,4384
yesterday,9960,and,320
yesterdayfound,9961,it,4780
yet,9962,the,8815
yeti,9963,distrusted,2505
yetthats,9964,all,247
yeve,9965,missed,5634
yield,9966,oh,6073
yielded,9967,itself,4792
yielding,9968,and,320
yokel,9969,like,5153
yokels,9970,and,320
york,9971,in,4492
yorkshire,9972,and,320
yorkshireman,9973,flicking,3405
you,9974,are,441
youand,9975,her,4163
youas,9976,i,4384
youawe,9977,yousoothe,9999
youbrought,9978,her,4163
youd,9979,be,700
youhe,9980,mentions,5541
youi,9981,want,9580
youll,9982,come,1602
young,9983,girls,3765
younger,9984,than,8804
youngest,9985,child,1395
youngish,9986,woman,9843
younglooking,9987,man,5377
younothing,9988,at,530
youor,9989,said,7521
your,9990,own,6222
youre,9991,a,1
yournursery,9992,experiences,3086
yours,9993,was,9600
yourself,9994,mrs,5782
yourselfand,9995,to,8982
yourselves,9996,should,7895
yoursmuch,9997,said,7521
yousomehowso,9998,much,5784
yousoothe,9999,you,9974
youth,10000,and,320
youthful,10001,beings,781
youve,10002,been,747
youwhat,10003,about,18
youwith,10004,all,247
youyou,10005,dont,2563
zeal,10006,to,8982
zebra,10007,mark,5408
zest,10008,for,3480
zigzagging,10009,across,80
